Date,BZ=F,IMOEX.ME,USDRUB=X
2016-01-01,,,73.2300033569336
2016-01-04,37.220001220703125,1734.56005859375,73.4000015258789
2016-01-05,36.41999816894531,1754.1300048828125,73.12249755859375
2016-01-06,34.22999954223633,1748.5699462890625,71.61999940872192
2016-01-07,33.75,,74.59500122070312
2016-01-08,33.54999923706055,,74.59500122070312
2016-01-11,31.549999237060547,1682.5400390625,74.79499816894531
2016-01-12,30.860000610351562,1690.300048828125,76.00199890136719
2016-01-13,30.309999465942383,1684.780029296875,76.5250015258789
2016-01-14,31.030000686645508,1680.77001953125,76.21299743652344
2016-01-15,31.010000228881836,1608.3599853515625,76.29299926757812
2016-01-18,,1622.4300537109375,77.70700073242188
2016-01-19,28.760000228881836,1645.56005859375,79.36000061035156
2016-01-20,27.8799991607666,1630.3900146484375,78.61250305175781
2016-01-21,29.25,1677.18994140625,81.81999969482422
2016-01-22,32.18000030517578,1717.97998046875,82.9000015258789
2016-01-25,30.5,1716.56005859375,78.37000274658203
2016-01-26,31.799999237060547,1705.010009765625,79.83999633789062
2016-01-27,33.099998474121094,1747.5699462890625,78.2300033569336
2016-01-28,33.88999938964844,1771.9300537109375,77.8489990234375
2016-01-29,34.7400016784668,1784.9200439453125,76.55000305175781
2016-02-01,34.689998626708984,1773.2099609375,75.44000244140625
2016-02-02,32.720001220703125,1758.260009765625,77.26000213623047
2016-02-03,35.040000915527344,1746.3499755859375,79.71499633789062
2016-02-04,34.459999084472656,1787.9300537109375,76.93000030517578
2016-02-05,34.060001373291016,1780.5899658203125,76.7699966430664
2016-02-08,32.880001068115234,1744.27001953125,77.25
2016-02-09,30.31999969482422,1723.3599853515625,78.94000244140625
2016-02-10,30.84000015258789,1730.8299560546875,79.58999633789062
2016-02-11,30.059999465942383,1711.5799560546875,78.37000274658203
2016-02-12,33.36000061035156,1726.0400390625,79.76750183105469
2016-02-15,,1738.5400390625,78.30999755859375
2016-02-16,32.18000030517578,1753.8599853515625,77.5
2016-02-17,34.5,1770.31005859375,77.80999755859375
2016-02-18,34.279998779296875,1807.2099609375,74.86000061035156
2016-02-19,33.0099983215332,1793.3699951171875,76.3499984741211
2016-02-22,34.689998626708984,1822.3800048828125,77.37000274658203
2016-02-23,33.27000045776367,,77.37000274658203
2016-02-24,34.40999984741211,1797.27001953125,76.0999984741211
2016-02-25,35.290000915527344,1803.8900146484375,75.73500061035156
2016-02-26,35.099998474121094,1816.72998046875,75.18000030517578
2016-02-29,35.970001220703125,1840.1700439453125,76.33999633789062
2016-03-01,35.959999084472656,1844.1700439453125,74.40499877929688
2016-03-02,36.93000030517578,1832.8399658203125,73.27999877929688
2016-03-03,37.06999969482422,1858.68994140625,73.3499984741211
2016-03-04,38.720001220703125,1878.2900390625,73.08999633789062
2016-03-07,40.84000015258789,1909.5699462890625,73.08999633789062
2016-03-08,39.650001525878906,,73.08999633789062
2016-03-09,41.06999969482422,1883.0,71.87000274658203
2016-03-10,40.04999923706055,1884.6300048828125,70.98200225830078
2016-03-11,40.38999938964844,1876.5400390625,71.14800262451172
2016-03-14,39.529998779296875,1865.31005859375,69.90499877929688
2016-03-15,38.7400016784668,1855.06005859375,70.26000213623047
2016-03-16,40.33000183105469,1871.199951171875,71.08999633789062
2016-03-17,41.540000915527344,1890.7900390625,69.83499908447266
2016-03-18,41.20000076293945,1914.02001953125,68.12000274658203
2016-03-21,41.540000915527344,1904.5,68.33000183105469
2016-03-22,41.790000915527344,1903.469970703125,67.86000061035156
2016-03-23,40.470001220703125,1879.8900146484375,67.25
2016-03-24,40.439998626708984,1866.6700439453125,68.71499633789062
2016-03-25,,,68.58000183105469
2016-03-28,40.27000045776367,1849.31005859375,68.23999786376953
2016-03-29,39.13999938964844,1845.199951171875,68.41000366210938
2016-03-30,39.2599983215332,1868.0999755859375,68.06500244140625
2016-03-31,39.599998474121094,1871.1500244140625,67.68000030517578
2016-04-01,39.65999984741211,1856.77001953125,67.0
2016-04-04,37.689998626708984,1866.6400146484375,67.5
2016-04-05,37.869998931884766,1857.0899658203125,68.6500015258789
2016-04-06,39.84000015258789,1860.1700439453125,68.75
2016-04-07,39.43000030517578,1858.8499755859375,67.8499984741211
2016-04-08,41.939998626708984,1877.27001953125,68.02999877929688
2016-04-11,42.83000183105469,1906.9000244140625,67.07499694824219
2016-04-12,44.689998626708984,1899.260009765625,66.75
2016-04-13,44.18000030517578,1932.800048828125,65.18499755859375
2016-04-14,43.84000015258789,1915.8499755859375,65.98999786376953
2016-04-15,43.099998474121094,1907.780029296875,65.93000030517578
2016-04-18,42.90999984741211,1892.6400146484375,66.5
2016-04-19,44.029998779296875,1930.1400146484375,66.44999694824219
2016-04-20,45.79999923706055,1960.1800537109375,65.87999725341797
2016-04-21,44.529998779296875,1950.0799560546875,65.67500305175781
2016-04-22,45.11000061035156,1967.260009765625,66.66000366210938
2016-04-25,44.47999954223633,1955.469970703125,66.76000213623047
2016-04-26,45.7400016784668,1946.550048828125,66.55999755859375
2016-04-27,47.18000030517578,1934.77001953125,65.76499938964844
2016-04-28,48.13999938964844,1969.8900146484375,65.11000061035156
2016-04-29,48.130001068115234,1953.050048828125,64.55999755859375
2016-05-02,48.099998474121094,,64.55999755859375
2016-05-03,46.75,,64.55999755859375
2016-05-04,44.619998931884766,1925.5799560546875,66.3499984741211
2016-05-05,45.0099983215332,1906.47998046875,66.58399963378906
2016-05-06,45.369998931884766,1901.56005859375,65.9739990234375
2016-05-09,43.630001068115234,,65.86199951171875
2016-05-10,45.52000045776367,1885.3399658203125,66.29000091552734
2016-05-11,47.599998474121094,1909.050048828125,66.09600067138672
2016-05-12,48.08000183105469,1901.9000244140625,65.04499816894531
2016-05-13,47.83000183105469,1907.18994140625,64.83000183105469
2016-05-16,48.970001220703125,1915.3299560546875,65.48200225830078
2016-05-17,49.279998779296875,1909.0,64.88400268554688
2016-05-18,48.93000030517578,1917.239990234375,64.71900177001953
2016-05-19,48.810001373291016,1891.52001953125,65.74500274658203
2016-05-20,48.720001220703125,1891.3299560546875,66.72000122070312
2016-05-23,48.349998474121094,1868.4300537109375,66.84500122070312
2016-05-24,48.61000061035156,1884.1199951171875,66.78700256347656
2016-05-25,49.7400016784668,1898.75,66.41000366210938
2016-05-26,49.59000015258789,1914.31005859375,65.42500305175781
2016-05-27,49.31999969482422,1927.5799560546875,65.82499694824219
2016-05-30,,1935.5400390625,66.1500015258789
2016-05-31,49.689998626708984,1899.010009765625,65.66899871826172
2016-06-01,49.709999084472656,1893.1800537109375,66.8270034790039
2016-06-02,50.040000915527344,1890.780029296875,66.91000366210938
2016-06-03,49.63999938964844,1886.8399658203125,67.05999755859375
2016-06-06,50.54999923706055,1915.5400390625,65.65399932861328
2016-06-07,51.439998626708984,1951.260009765625,65.23999786376953
2016-06-08,52.5099983215332,1951.550048828125,64.62000274658203
2016-06-09,51.95000076293945,1934.9200439453125,63.71889877319336
2016-06-10,50.540000915527344,1903.6099853515625,64.19599914550781
2016-06-13,50.349998474121094,,65.302001953125
2016-06-14,49.83000183105469,1885.9200439453125,65.68499755859375
2016-06-15,48.970001220703125,1889.75,66.05999755859375
2016-06-16,47.189998626708984,1869.780029296875,65.25299835205078
2016-06-17,49.16999816894531,1877.0699462890625,65.57499694824219
2016-06-20,50.650001525878906,1902.699951171875,64.75
2016-06-21,50.619998931884766,1904.02001953125,64.26499938964844
2016-06-22,49.880001068115234,1896.699951171875,63.93600082397461
2016-06-23,50.90999984741211,1919.27001953125,64.76899719238281
2016-06-24,48.40999984741211,1884.4100341796875,63.76499938964844
2016-06-27,47.15999984741211,1841.72998046875,65.2874984741211
2016-06-28,48.58000183105469,1857.22998046875,65.4000015258789
2016-06-29,50.61000061035156,1888.1500244140625,64.04000091552734
2016-06-30,49.68000030517578,1891.0899658203125,63.814998626708984
2016-07-01,49.84000015258789,1896.6199951171875,63.959999084472656
2016-07-04,,1907.47998046875,63.790000915527344
2016-07-05,47.959999084472656,1895.6400146484375,63.83000183105469
2016-07-06,48.79999923706055,1879.4200439453125,64.43499755859375
2016-07-07,46.400001525878906,1882.4100341796875,64.26499938964844
2016-07-08,46.7599983215332,1894.3499755859375,64.67900085449219
2016-07-11,46.25,1913.1199951171875,63.834999084472656
2016-07-12,48.470001220703125,1938.3599853515625,64.18000030517578
2016-07-13,46.2599983215332,1935.8800048828125,63.79999923706055
2016-07-14,47.369998931884766,1942.4599609375,63.849998474121094
2016-07-15,47.61000061035156,1940.8499755859375,62.88750076293945
2016-07-18,46.959999084472656,1936.0699462890625,63.34000015258789
2016-07-19,46.65999984741211,1915.8900146484375,62.8120002746582
2016-07-20,47.16999816894531,1915.0899658203125,63.62799835205078
2016-07-21,46.20000076293945,1927.699951171875,63.79999923706055
2016-07-22,45.689998626708984,1926.9000244140625,64.36799621582031
2016-07-25,44.720001220703125,1931.780029296875,64.81500244140625
2016-07-26,44.869998931884766,1938.52001953125,65.43599700927734
2016-07-27,43.470001220703125,1938.6500244140625,65.80000305175781
2016-07-28,42.70000076293945,1954.449951171875,65.79750061035156
2016-07-29,42.459999084472656,1944.6199951171875,66.58300018310547
2016-08-01,42.45000076293945,1947.3599853515625,65.98750305175781
2016-08-02,41.79999923706055,1912.68994140625,66.93000030517578
2016-08-03,43.099998474121094,1919.1500244140625,66.70999908447266
2016-08-04,44.290000915527344,1944.93994140625,66.19999694824219
2016-08-05,44.27000045776367,1944.31005859375,65.70999908447266
2016-08-08,45.38999938964844,1956.989990234375,65.5469970703125
2016-08-09,44.97999954223633,1956.4200439453125,64.5999984741211
2016-08-10,44.04999923706055,1942.6700439453125,64.76000213623047
2016-08-11,46.040000915527344,1952.1800537109375,64.9000015258789
2016-08-12,46.970001220703125,1967.1800537109375,64.3499984741211
2016-08-15,48.349998474121094,1977.280029296875,64.36080169677734
2016-08-16,49.22999954223633,1975.800048828125,64.00769805908203
2016-08-17,49.849998474121094,1969.18994140625,63.83489990234375
2016-08-18,50.88999938964844,1970.0699462890625,63.83919906616211
2016-08-19,50.880001068115234,1959.719970703125,63.6411018371582
2016-08-22,49.15999984741211,1979.0899658203125,63.75
2016-08-23,49.959999084472656,1989.510009765625,64.77149963378906
2016-08-24,49.04999923706055,1983.5899658203125,64.59239959716797
2016-08-25,49.66999816894531,1985.56005859375,65.08580017089844
2016-08-26,49.91999816894531,1993.3499755859375,64.80879974365234
2016-08-29,49.2599983215332,1986.719970703125,64.71260070800781
2016-08-30,48.369998931884766,1985.68994140625,64.61859893798828
2016-08-31,47.040000915527344,1971.5899658203125,65.30970001220703
2016-09-01,47.04999923706055,1976.9100341796875,65.28070068359375
2016-09-02,46.83000183105469,2003.77001953125,65.85399627685547
2016-09-05,,2017.3800048828125,65.1980972290039
2016-09-06,47.2599983215332,2039.530029296875,64.83000183105469
2016-09-07,47.97999954223633,2053.75,64.42669677734375
2016-09-08,49.9900016784668,2050.77001953125,64.1852035522461
2016-09-09,48.0099983215332,2028.25,63.991600036621094
2016-09-12,48.31999969482422,2019.9000244140625,64.55049896240234
2016-09-13,47.099998474121094,2004.5,64.69419860839844
2016-09-14,45.849998474121094,2004.47998046875,65.36509704589844
2016-09-15,46.59000015258789,1996.5799560546875,65.14440155029297
2016-09-16,45.77000045776367,1981.9599609375,64.48290252685547
2016-09-19,45.95000076293945,1986.969970703125,65.04149627685547
2016-09-20,45.880001068115234,1991.780029296875,64.59010314941406
2016-09-21,46.83000183105469,1997.6700439453125,64.72149658203125
2016-09-22,47.650001525878906,2025.300048828125,63.89120101928711
2016-09-23,45.88999938964844,2011.8299560546875,63.636600494384766
2016-09-26,47.349998474121094,1997.93994140625,64.02670288085938
2016-09-27,45.970001220703125,1975.52001953125,63.85409927368164
2016-09-28,48.689998626708984,1980.6800537109375,63.885501861572266
2016-09-29,49.2400016784668,1996.1199951171875,63.06520080566406
2016-09-30,49.060001373291016,1978.0,63.08000183105469
2016-10-03,49.099998474121094,1986.800048828125,62.87189865112305
2016-10-04,50.869998931884766,1985.02001953125,62.28810119628906
2016-10-05,51.86000061035156,1975.8499755859375,62.6875
2016-10-06,52.5099983215332,1983.8800048828125,62.27410125732422
2016-10-07,51.93000030517578,1980.02001953125,62.101600646972656
2016-10-10,,2001.0999755859375,62.08039855957031
2016-10-11,52.40999984741211,2001.4200439453125,62.02130126953125
2016-10-12,51.810001373291016,1993.3499755859375,62.66210174560547
2016-10-13,52.029998779296875,1976.3699951171875,63.50310134887695
2016-10-14,51.95000076293945,1966.3900146484375,63.00960159301758
2016-10-17,51.52000045776367,1956.949951171875,62.77669906616211
2016-10-18,51.68000030517578,1969.1099853515625,63.06639862060547
2016-10-19,52.66999816894531,1967.5,62.7318000793457
2016-10-20,51.380001068115234,1957.0899658203125,62.25859832763672
2016-10-21,51.779998779296875,1957.699951171875,62.37580108642578
2016-10-24,51.459999084472656,1962.7900390625,62.28499984741211
2016-10-25,50.790000915527344,1977.18994140625,62.1869010925293
2016-10-26,49.97999954223633,1974.81005859375,62.4119987487793
2016-10-27,50.470001220703125,1979.800048828125,62.77040100097656
2016-10-28,49.709999084472656,1981.760009765625,62.678199768066406
2016-10-31,48.29999923706055,1989.6400146484375,63.041900634765625
2016-11-01,48.33000183105469,1996.8699951171875,63.2681999206543
2016-11-02,46.86000061035156,1968.77001953125,63.32389831542969
2016-11-03,46.349998474121094,1962.7099609375,63.536598205566406
2016-11-04,45.58000183105469,,63.5614013671875
2016-11-07,46.150001525878906,1952.68994140625,64.36009979248047
2016-11-08,46.040000915527344,1967.9300537109375,63.597900390625
2016-11-09,46.36000061035156,2011.5799560546875,63.742401123046875
2016-11-10,45.84000015258789,2044.030029296875,63.59859848022461
2016-11-11,,2031.9200439453125,65.55760192871094
2016-11-14,44.43000030517578,2021.989990234375,65.75330352783203
2016-11-15,46.95000076293945,2017.06005859375,66.14700317382812
2016-11-16,46.630001068115234,2028.9200439453125,64.45539855957031
2016-11-17,46.4900016784668,2042.760009765625,64.47489929199219
2016-11-18,46.86000061035156,2038.2900390625,64.83309936523438
2016-11-21,48.900001525878906,2058.77001953125,64.85780334472656
2016-11-22,49.119998931884766,2066.179931640625,63.95220184326172
2016-11-23,48.95000076293945,2085.75,63.711299896240234
2016-11-24,,2102.969970703125,64.29779815673828
2016-11-25,47.2400016784668,2098.14990234375,64.49970245361328
2016-11-28,48.2400016784668,2094.64990234375,64.8812026977539
2016-11-29,46.380001068115234,2086.840087890625,64.78289794921875
2016-11-30,50.470001220703125,2104.909912109375,65.13500213623047
2016-12-01,50.459999084472656,2121.8701171875,64.07129669189453
2016-12-02,54.459999084472656,2128.989990234375,63.900001525878906
2016-12-05,54.939998626708984,2158.330078125,63.815101623535156
2016-12-06,53.93000030517578,2152.35009765625,63.78150177001953
2016-12-07,53.0,2160.510009765625,63.81230163574219
2016-12-08,53.88999938964844,2207.02001953125,63.2661018371582
2016-12-09,54.33000183105469,2208.530029296875,63.26179885864258
2016-12-12,55.689998626708984,2226.889892578125,62.48030090332031
2016-12-13,55.720001220703125,2247.02001953125,60.96500015258789
2016-12-14,53.900001525878906,2229.050048828125,60.52750015258789
2016-12-15,54.02000045776367,2237.22998046875,61.86000061035156
2016-12-16,55.209999084472656,2231.409912109375,61.75
2016-12-19,54.91999816894531,2215.68994140625,62.1161994934082
2016-12-20,55.349998474121094,2226.360107421875,61.900001525878906
2016-12-21,54.459999084472656,2212.330078125,61.39870071411133
2016-12-22,55.04999923706055,2174.639892578125,61.13999938964844
2016-12-23,55.15999984741211,2173.179931640625,60.96689987182617
2016-12-26,,2177.860107421875,61.022499084472656
2016-12-27,56.09000015258789,2189.429931640625,60.931400299072266
2016-12-28,56.220001220703125,2182.97998046875,60.60499954223633
2016-12-29,56.13999938964844,2206.330078125,60.47629928588867
2016-12-30,56.130001068115234,2232.719970703125,60.34130096435547
2017-01-02,,,61.231300354003906
2017-01-03,55.470001220703125,2285.429931640625,61.22829818725586
2017-01-04,56.459999084472656,2263.89990234375,60.92300033569336
2017-01-05,56.88999938964844,2220.35009765625,60.3650016784668
2017-01-06,57.099998474121094,2213.929931640625,59.40119934082031
2017-01-09,54.939998626708984,2211.25,59.564998626708984
2017-01-10,53.63999938964844,2237.489990234375,60.102500915527344
2017-01-11,55.099998474121094,2218.610107421875,60.13999938964844
2017-01-12,56.0099983215332,2212.0,59.778099060058594
2017-01-13,55.45000076293945,2195.18994140625,59.432498931884766
2017-01-16,,2189.070068359375,59.637001037597656
2017-01-17,55.470001220703125,2178.72998046875,59.78200149536133
2017-01-18,53.91999816894531,2170.090087890625,59.33000183105469
2017-01-19,54.15999984741211,2162.25,59.52320098876953
2017-01-20,55.4900016784668,2159.9599609375,59.65999984741211
2017-01-23,55.22999954223633,2146.090087890625,59.799800872802734
2017-01-24,55.439998626708984,2174.590087890625,59.510101318359375
2017-01-25,55.08000183105469,2176.0,59.139801025390625
2017-01-26,56.2400016784668,2229.199951171875,59.56679916381836
2017-01-27,55.52000045776367,2266.050048828125,60.279300689697266
2017-01-30,55.22999954223633,2234.139892578125,59.77750015258789
2017-01-31,55.70000076293945,2217.389892578125,59.718299865722656
2017-02-01,55.65999984741211,2231.679931640625,60.15549850463867
2017-02-02,56.560001373291016,2217.56005859375,60.091400146484375
2017-02-03,56.810001373291016,2226.610107421875,59.3661994934082
2017-02-06,55.720001220703125,2210.510009765625,58.94609832763672
2017-02-07,55.04999923706055,2218.77001953125,58.90010070800781
2017-02-08,55.119998931884766,2189.610107421875,59.44260025024414
2017-02-09,55.630001068115234,2173.97998046875,59.173099517822266
2017-02-10,56.70000076293945,2162.18994140625,58.96120071411133
2017-02-13,55.59000015258789,2161.489990234375,58.2223014831543
2017-02-14,55.970001220703125,2141.5,57.92559814453125
2017-02-15,55.75,2137.080078125,57.03969955444336
2017-02-16,55.650001525878906,2148.47998046875,57.330501556396484
2017-02-17,55.810001373291016,2128.2099609375,57.56650161743164
2017-02-20,,2119.090087890625,58.31700134277344
2017-02-21,56.65999984741211,2127.719970703125,57.910701751708984
2017-02-22,55.84000015258789,2106.300048828125,57.39419937133789
2017-02-23,56.58000183105469,,57.919498443603516
2017-02-24,55.9900016784668,2093.090087890625,57.73429870605469
2017-02-27,55.93000030517578,2056.4599609375,58.36309814453125
2017-02-28,55.59000015258789,2035.77001953125,58.18349838256836
2017-03-01,55.599998474121094,2059.8701171875,58.35210037231445
2017-03-02,55.08000183105469,2049.0,58.23630142211914
2017-03-03,55.900001525878906,2056.889892578125,58.71979904174805
2017-03-06,56.0099983215332,2047.4200439453125,58.1870002746582
2017-03-07,55.91999816894531,2024.8399658203125,58.233299255371094
2017-03-08,53.11000061035156,,58.13650131225586
2017-03-09,52.189998626708984,1974.239990234375,58.872501373291016
2017-03-10,51.369998931884766,1973.9599609375,59.256900787353516
2017-03-13,51.349998474121094,2000.1400146484375,59.068199157714844
2017-03-14,50.91999816894531,2001.25,58.77439880371094
2017-03-15,51.810001373291016,1992.5899658203125,59.18600082397461
2017-03-16,51.7400016784668,2014.3699951171875,58.38079833984375
2017-03-17,51.7599983215332,2036.9599609375,57.770198822021484
2017-03-20,51.619998931884766,2042.719970703125,57.15409851074219
2017-03-21,50.959999084472656,2048.070068359375,57.3036003112793
2017-03-22,50.63999938964844,2061.530029296875,57.59049987792969
2017-03-23,50.560001373291016,2051.0400390625,57.732398986816406
2017-03-24,50.79999923706055,2039.77001953125,57.35449981689453
2017-03-27,50.75,2013.1600341796875,56.96860122680664
2017-03-28,51.33000183105469,2032.5400390625,56.87839889526367
2017-03-29,52.41999816894531,2023.7099609375,56.967899322509766
2017-03-30,52.959999084472656,2021.8800048828125,56.65129852294922
2017-03-31,52.83000183105469,1995.9000244140625,55.98429870605469
2017-04-03,52.72999954223633,2008.6099853515625,56.23460006713867
2017-04-04,54.16999816894531,2025.68994140625,56.084800720214844
2017-04-05,54.36000061035156,2056.320068359375,55.949798583984375
2017-04-06,54.88999938964844,2054.68994140625,56.41429901123047
2017-04-07,55.2400016784668,2020.22998046875,56.39849853515625
2017-04-10,55.97999954223633,1971.22998046875,57.375999450683594
2017-04-11,56.22999954223633,1977.949951171875,57.10449981689453
2017-04-12,55.86000061035156,1947.8800048828125,57.028099060058594
2017-04-13,55.88999938964844,1944.699951171875,56.62160110473633
2017-04-14,,,56.2588996887207
2017-04-17,55.36000061035156,1942.719970703125,56.30289840698242
2017-04-18,54.88999938964844,1920.2900390625,55.88240051269531
2017-04-19,52.93000030517578,1916.5,56.19649887084961
2017-04-20,52.9900016784668,1932.1700439453125,56.567901611328125
2017-04-21,51.959999084472656,1944.719970703125,56.10940170288086
2017-04-24,51.599998474121094,1979.5699462890625,56.42649841308594
2017-04-25,52.099998474121094,1998.4100341796875,55.77989959716797
2017-04-26,51.81999969482422,2026.9200439453125,56.060001373291016
2017-04-27,51.439998626708984,2011.6700439453125,57.09700012207031
2017-04-28,51.72999954223633,2016.7099609375,56.97200012207031
2017-05-01,51.65999984741211,,56.93199920654297
2017-05-02,,2026.8499755859375,56.97380065917969
2017-05-03,50.790000915527344,1993.6600341796875,57.0546989440918
2017-05-04,48.380001068115234,1998.8699951171875,57.325401306152344
2017-05-05,49.099998474121094,2002.4100341796875,58.36000061035156
2017-05-08,49.34000015258789,,58.047000885009766
2017-05-09,48.72999954223633,,58.20500183105469
2017-05-10,50.220001220703125,2028.2099609375,58.41899871826172
2017-05-11,50.77000045776367,2002.5400390625,57.43960189819336
2017-05-12,50.84000015258789,1994.5799560546875,57.07040023803711
2017-05-15,51.81999969482422,2003.1199951171875,57.0817985534668
2017-05-16,51.650001525878906,1992.93994140625,56.333499908447266
2017-05-17,52.209999084472656,1994.3499755859375,56.426998138427734
2017-05-18,52.5099983215332,1967.6600341796875,57.0713005065918
2017-05-19,53.61000061035156,1962.4000244140625,57.52579879760742
2017-05-22,53.869998931884766,1950.510009765625,56.926998138427734
2017-05-23,54.150001525878906,1960.1600341796875,56.60029983520508
2017-05-24,53.959999084472656,1951.97998046875,56.3036994934082
2017-05-25,51.459999084472656,1947.260009765625,56.34590148925781
2017-05-26,52.150001525878906,1934.25,56.80139923095703
2017-05-29,,1940.77001953125,56.48149871826172
2017-05-30,51.84000015258789,1932.9100341796875,56.46220016479492
2017-05-31,50.310001373291016,1900.3800048828125,56.530799865722656
2017-06-01,50.33000183105469,1869.6600341796875,56.71039962768555
2017-06-02,49.95000076293945,1881.8699951171875,56.37929916381836
2017-06-05,49.470001220703125,1877.68994140625,56.60609817504883
2017-06-06,50.119998931884766,1870.0400390625,56.58110046386719
2017-06-07,48.060001373291016,1868.4200439453125,56.48529815673828
2017-06-08,47.86000061035156,1874.2099609375,57.04130172729492
2017-06-09,48.150001525878906,1883.3399658203125,56.87329864501953
2017-06-12,48.290000915527344,,57.01240158081055
2017-06-13,48.720001220703125,1861.27001953125,57.000099182128906
2017-06-14,47.0,1838.3199462890625,56.87770080566406
2017-06-15,46.91999816894531,1817.8199462890625,57.42599868774414
2017-06-16,47.369998931884766,1822.9100341796875,57.79999923706055
2017-06-19,46.90999984741211,1849.780029296875,57.70940017700195
2017-06-20,46.02000045776367,1857.9599609375,58.42110061645508
2017-06-21,44.81999969482422,1850.81005859375,59.560001373291016
2017-06-22,45.220001220703125,1860.050048828125,60.2400016784668
2017-06-23,45.540000915527344,1867.4599609375,59.84349822998047
2017-06-26,45.83000183105469,1860.3900146484375,59.42340087890625
2017-06-27,46.650001525878906,1878.93994140625,58.89419937133789
2017-06-28,47.310001373291016,1891.97998046875,59.35150146484375
2017-06-29,47.41999816894531,1881.0400390625,59.21670150756836
2017-06-30,47.91999816894531,1879.5,59.41999816894531
2017-07-03,47.869998931884766,1902.5899658203125,58.88059997558594
2017-07-04,,1917.4000244140625,59.234901428222656
2017-07-05,47.790000915527344,1921.3800048828125,59.35850143432617
2017-07-06,48.11000061035156,1923.219970703125,60.17850112915039
2017-07-07,46.709999084472656,1912.47998046875,60.099998474121094
2017-07-10,46.880001068115234,1925.739990234375,60.347900390625
2017-07-11,47.52000045776367,1937.6400146484375,
2017-07-12,47.7400016784668,1954.3900146484375,60.7599983215332
2017-07-13,48.41999816894531,1959.9100341796875,59.900001525878906
2017-07-14,48.90999984741211,1960.68994140625,59.7484016418457
2017-07-17,48.41999816894531,1959.1099853515625,59.061500549316406
2017-07-18,48.84000015258789,1947.7099609375,59.290000915527344
2017-07-19,49.70000076293945,1951.8900146484375,59.079898834228516
2017-07-20,49.29999923706055,1946.510009765625,58.94710159301758
2017-07-21,48.060001373291016,1925.1300048828125,58.88999938964844
2017-07-24,48.599998474121094,1931.75,59.227500915527344
2017-07-25,50.20000076293945,1923.72998046875,59.970001220703125
2017-07-26,50.970001220703125,1933.0999755859375,59.95249938964844
2017-07-27,51.4900016784668,1945.1199951171875,59.54090118408203
2017-07-28,52.52000045776367,1916.75,59.37200164794922
2017-07-31,52.650001525878906,1919.530029296875,59.47919845581055
2017-08-01,52.630001068115234,1940.1400146484375,59.72999954223633
2017-08-02,52.36000061035156,1965.47998046875,60.174400329589844
2017-08-03,52.0099983215332,1965.2900390625,60.4900016784668
2017-08-04,52.41999816894531,1953.489990234375,60.295501708984375
2017-08-07,52.369998931884766,1970.3699951171875,59.93550109863281
2017-08-08,52.13999938964844,1989.6099853515625,59.955299377441406
2017-08-09,52.70000076293945,1975.9100341796875,59.78919982910156
2017-08-10,51.900001525878906,1960.22998046875,60.07059860229492
2017-08-11,52.099998474121094,1944.8299560546875,59.98929977416992
2017-08-14,50.72999954223633,1951.75,59.78929901123047
2017-08-15,50.79999923706055,1950.280029296875,59.811100006103516
2017-08-16,50.27000045776367,1942.8800048828125,59.750999450683594
2017-08-17,51.029998779296875,1941.52001953125,59.41120147705078
2017-08-18,52.720001220703125,1930.7099609375,59.039798736572266
2017-08-21,51.65999984741211,1937.6600341796875,58.89500045776367
2017-08-22,51.869998931884766,1947.4000244140625,59.072601318359375
2017-08-23,52.56999969482422,1958.52001953125,58.97700119018555
2017-08-24,52.040000915527344,1973.5,58.972599029541016
2017-08-25,52.40999984741211,1979.1400146484375,59.13050079345703
2017-08-28,51.88999938964844,1987.1500244140625,58.56330108642578
2017-08-29,52.0,1989.1199951171875,58.43000030517578
2017-08-30,50.86000061035156,2008.8800048828125,58.76279830932617
2017-08-31,52.380001068115234,2022.219970703125,58.455101013183594
2017-09-01,52.31999969482422,2010.97998046875,57.97669982910156
2017-09-04,,2003.3199462890625,57.46549987792969
2017-09-05,53.380001068115234,2004.02001953125,57.737998962402344
2017-09-06,54.20000076293945,2014.5999755859375,57.55160140991211
2017-09-07,54.4900016784668,2010.1700439453125,57.340999603271484
2017-09-08,53.779998779296875,2032.75,56.911800384521484
2017-09-11,53.84000015258789,2044.1300048828125,57.317298889160156
2017-09-12,54.27000045776367,2058.800048828125,57.215599060058594
2017-09-13,55.15999984741211,2054.18994140625,57.62779998779297
2017-09-14,55.470001220703125,2052.25,57.90769958496094
2017-09-15,55.619998931884766,2053.81005859375,57.52949905395508
2017-09-18,55.47999954223633,2059.080078125,57.67259979248047
2017-09-19,55.13999938964844,2048.989990234375,58.07109832763672
2017-09-20,56.290000915527344,2057.530029296875,58.080299377441406
2017-09-21,56.43000030517578,2060.239990234375,58.11470031738281
2017-09-22,56.86000061035156,2051.6298828125,57.86349868774414
2017-09-25,59.02000045776367,2069.110107421875,57.596900939941406
2017-09-26,58.439998626708984,2071.1298828125,57.55379867553711
2017-09-27,57.900001525878906,2081.1201171875,57.8588981628418
2017-09-28,57.40999984741211,2071.639892578125,58.16899871826172
2017-09-29,57.540000915527344,2077.18994140625,57.889801025390625
2017-10-02,57.459999084472656,2075.719970703125,57.52109909057617
2017-10-03,56.0,2076.81005859375,57.87689971923828
2017-10-04,55.79999923706055,2077.090087890625,57.9098014831543
2017-10-05,57.0,2088.320068359375,57.645999908447266
2017-10-06,55.619998931884766,2093.860107421875,57.70719909667969
2017-10-09,55.790000915527344,2096.2900390625,58.17599868774414
2017-10-10,56.61000061035156,2086.909912109375,58.25170135498047
2017-10-11,56.939998626708984,2101.070068359375,57.93830108642578
2017-10-12,56.25,2094.9599609375,57.80110168457031
2017-10-13,57.16999816894531,2098.77001953125,57.63740158081055
2017-10-16,57.81999969482422,2106.389892578125,57.20399856567383
2017-10-17,57.880001068115234,2092.570068359375,57.19409942626953
2017-10-18,58.150001525878906,2094.39990234375,57.274898529052734
2017-10-19,57.22999954223633,2072.72998046875,57.375301361083984
2017-10-20,57.75,2071.830078125,57.23820114135742
2017-10-23,57.369998931884766,2063.81005859375,57.5447998046875
2017-10-24,58.33000183105469,2061.7900390625,57.488399505615234
2017-10-25,58.439998626708984,2049.47998046875,57.61520004272461
2017-10-26,59.29999923706055,2046.68994140625,57.715301513671875
2017-10-27,60.439998626708984,2068.760009765625,57.84090042114258
2017-10-30,60.900001525878906,2065.25,58.09640121459961
2017-10-31,61.369998931884766,2064.31005859375,57.90019989013672
2017-11-01,61.290000915527344,2082.72998046875,58.229698181152344
2017-11-02,60.619998931884766,2073.0400390625,58.209800720214844
2017-11-03,62.06999969482422,2081.14990234375,58.261600494384766
2017-11-06,64.2699966430664,,58.93330001831055
2017-11-07,63.689998626708984,2155.550048828125,58.25590133666992
2017-11-08,63.4900016784668,2163.010009765625,59.34090042114258
2017-11-09,63.93000030517578,2183.610107421875,59.111000061035156
2017-11-10,63.52000045776367,2169.260009765625,59.310001373291016
2017-11-13,63.15999984741211,2167.6298828125,59.19990158081055
2017-11-14,62.209999084472656,2166.830078125,59.36759948730469
2017-11-15,61.869998931884766,2131.75,60.3109016418457
2017-11-16,61.36000061035156,2132.64990234375,
2017-11-17,62.720001220703125,2131.909912109375,59.664398193359375
2017-11-20,62.220001220703125,2130.389892578125,59.0989990234375
2017-11-21,62.56999969482422,2155.820068359375,59.36869812011719
2017-11-22,63.31999969482422,2160.159912109375,59.1057014465332
2017-11-23,,2148.56005859375,58.38090133666992
2017-11-24,63.86000061035156,2161.169921875,58.42060089111328
2017-11-27,63.84000015258789,2145.8701171875,58.375
2017-11-28,63.61000061035156,2149.449951171875,58.434898376464844
2017-11-29,63.11000061035156,2124.080078125,58.383201599121094
2017-11-30,63.56999969482422,2100.6201171875,58.59669876098633
2017-12-01,63.4900016784668,2105.989990234375,58.44779968261719
2017-12-04,62.45000076293945,2119.419921875,58.801700592041016
2017-12-05,62.86000061035156,2113.68994140625,58.770999908447266
2017-12-06,61.220001220703125,2124.1201171875,58.76340103149414
2017-12-07,62.20000076293945,2103.14990234375,59.15530014038086
2017-12-08,63.400001525878906,2104.989990234375,59.196800231933594
2017-12-11,64.69000244140625,2148.60009765625,59.07979965209961
2017-12-12,63.34000015258789,2160.75,58.912899017333984
2017-12-13,62.439998626708984,2131.93994140625,59.18429946899414
2017-12-14,63.310001373291016,2152.409912109375,58.550201416015625
2017-12-15,63.22999954223633,2143.989990234375,58.811500549316406
2017-12-18,63.40999984741211,2134.580078125,58.595001220703125
2017-12-19,63.79999923706055,2118.159912109375,58.63990020751953
2017-12-20,64.55999755859375,2102.969970703125,58.74369812011719
2017-12-21,64.9000015258789,2093.3798828125,58.69770050048828
2017-12-22,65.25,2102.93994140625,58.410301208496094
2017-12-25,,,58.285499572753906
2017-12-26,67.0199966430664,2097.030029296875,58.03770065307617
2017-12-27,66.44000244140625,2106.169921875,57.63719940185547
2017-12-28,66.72000122070312,2102.889892578125,57.74169921875
2017-12-29,66.5999984741211,2109.739990234375,57.56890106201172
2018-01-01,,,57.604801177978516
2018-01-02,66.56999969482422,,57.58300018310547
2018-01-03,67.83999633789062,2152.969970703125,57.52799987792969
2018-01-04,68.06999969482422,2197.60009765625,57.119300842285156
2018-01-05,67.62000274658203,2207.409912109375,56.9723014831543
2018-01-08,67.77999877929688,,56.98899841308594
2018-01-09,68.81999969482422,2225.389892578125,57.09090042114258
2018-01-10,69.19999694824219,2232.27001953125,56.859901428222656
2018-01-11,69.26000213623047,2246.449951171875,57.02090072631836
2018-01-12,69.87000274658203,2262.3798828125,56.50320053100586
2018-01-15,,2261.530029296875,56.54869842529297
2018-01-16,69.1500015258789,2257.889892578125,56.310001373291016
2018-01-17,69.37999725341797,2277.889892578125,56.445899963378906
2018-01-18,69.30999755859375,2297.469970703125,56.8650016784668
2018-01-19,68.61000061035156,2286.330078125,56.49369812011719
2018-01-22,69.02999877929688,2308.610107421875,56.592498779296875
2018-01-23,69.95999908447266,,56.46039962768555
2018-01-24,70.52999877929688,2306.989990234375,56.347198486328125
2018-01-25,70.41999816894531,2320.030029296875,56.18360137939453
2018-01-26,70.5199966430664,2295.260009765625,55.880699157714844
2018-01-29,69.45999908447266,2284.27001953125,56.207000732421875
2018-01-30,69.0199966430664,2280.360107421875,56.279598236083984
2018-01-31,69.05000305175781,2289.989990234375,56.31779861450195
2018-02-01,69.08000183105469,2302.570068359375,56.1786994934082
2018-02-02,68.58000183105469,2281.840087890625,55.942901611328125
2018-02-05,67.62000274658203,2276.85009765625,56.41400146484375
2018-02-06,66.86000061035156,2238.239990234375,57.2864990234375
2018-02-07,65.51000213623047,2254.639892578125,56.84709930419922
2018-02-08,64.80999755859375,2227.239990234375,57.809600830078125
2018-02-09,62.790000915527344,2197.1201171875,58.283599853515625
2018-02-12,62.59000015258789,2220.1201171875,58.31769943237305
2018-02-13,62.720001220703125,2250.6298828125,57.75130081176758
2018-02-14,64.36000061035156,2257.949951171875,57.61800003051758
2018-02-15,64.33000183105469,2265.449951171875,56.694400787353516
2018-02-16,64.83999633789062,2255.27001953125,56.38679885864258
2018-02-19,,2254.919921875,56.441001892089844
2018-02-20,65.25,2270.1201171875,56.37820053100586
2018-02-21,65.41999816894531,2320.320068359375,56.51409912109375
2018-02-22,66.38999938964844,2336.820068359375,56.713401794433594
2018-02-23,67.30999755859375,,56.46500015258789
2018-02-26,67.5,2353.159912109375,56.322601318359375
2018-02-27,66.62999725341797,2341.889892578125,55.62879943847656
2018-02-28,65.77999877929688,2296.800048828125,56.219200134277344
2018-03-01,65.70999908447266,2297.89990234375,56.32059860229492
2018-03-02,64.37000274658203,2288.840087890625,56.786800384521484
2018-03-05,65.54000091552734,2309.530029296875,56.952999114990234
2018-03-06,65.79000091552734,2303.320068359375,56.41279983520508
2018-03-07,64.33999633789062,2291.22998046875,56.83760070800781
2018-03-08,63.61000061035156,,56.78770065307617
2018-03-09,65.48999786376953,2311.68994140625,57.08259963989258
2018-03-12,64.94999694824219,2318.010009765625,56.653499603271484
2018-03-13,64.63999938964844,2319.3798828125,56.86640167236328
2018-03-14,64.88999938964844,2275.239990234375,57.04389953613281
2018-03-15,65.12000274658203,2272.489990234375,56.93769836425781
2018-03-16,66.20999908447266,2294.60009765625,57.411800384521484
2018-03-19,66.05000305175781,2281.719970703125,57.46049880981445
2018-03-20,67.41999816894531,2291.179931640625,57.72880172729492
2018-03-21,69.47000122070312,2309.360107421875,57.503299713134766
2018-03-22,68.91000366210938,2285.760009765625,56.83570098876953
2018-03-23,70.44999694824219,2285.530029296875,57.31039810180664
2018-03-26,70.12000274658203,,57.11650085449219
2018-03-27,70.11000061035156,,57.215301513671875
2018-03-28,69.52999877929688,,57.405601501464844
2018-03-29,70.2699966430664,,57.71870040893555
2018-03-30,,,57.25419998168945
2018-04-02,70.13999938964844,,57.11159896850586
2018-04-03,,,57.436798095703125
2018-04-04,68.0199966430664,2265.60009765625,57.624000549316406
2018-04-05,68.33000183105469,2296.25,57.66899871826172
2018-04-06,67.11000061035156,2281.22998046875,57.63249969482422
2018-04-09,68.6500015258789,2090.8798828125,58.06850051879883
2018-04-10,71.04000091552734,2173.760009765625,60.61899948120117
2018-04-11,72.05999755859375,2192.14990234375,62.91579818725586
2018-04-12,72.0199966430664,2210.050048828125,62.410099029541016
2018-04-13,72.58000183105469,2175.159912109375,62.016300201416016
2018-04-16,71.41999816894531,2143.669921875,62.01499938964844
2018-04-17,71.58000183105469,2191.18994140625,61.222801208496094
2018-04-18,73.4800033569336,2241.489990234375,61.51470184326172
2018-04-19,73.77999877929688,2230.550048828125,60.83570098876953
2018-04-20,74.05999755859375,2232.659912109375,60.954200744628906
2018-04-23,74.70999908447266,2250.989990234375,61.36199951171875
2018-04-24,73.86000061035156,2253.77001953125,61.781700134277344
2018-04-25,74.0,2253.5,61.5099983215332
2018-04-26,74.73999786376953,2286.02001953125,62.400901794433594
2018-04-27,74.63999938964844,2301.489990234375,62.676300048828125
2018-04-30,75.16999816894531,,62.3202018737793
2018-05-01,75.16999816894531,,62.933101654052734
2018-05-02,73.36000061035156,2306.419921875,63.39799880981445
2018-05-03,73.62000274658203,2274.070068359375,63.75149917602539
2018-05-04,74.87000274658203,2289.469970703125,62.95069885253906
2018-05-07,76.16999816894531,2297.1201171875,62.4453010559082
2018-05-08,74.8499984741211,2301.989990234375,62.8754997253418
2018-05-09,77.20999908447266,,63.46149826049805
2018-05-10,77.47000122070312,2312.919921875,63.026100158691406
2018-05-11,77.12000274658203,2345.260009765625,61.700401306152344
2018-05-14,78.2300033569336,2357.6201171875,61.767601013183594
2018-05-15,78.43000030517578,2337.030029296875,61.82059860229492
2018-05-16,79.27999877929688,2338.389892578125,62.236000061035156
2018-05-17,79.30000305175781,2323.510009765625,61.649600982666016
2018-05-18,78.51000213623047,2326.93994140625,62.13290023803711
2018-05-21,79.22000122070312,2332.6298828125,62.34349822998047
2018-05-22,79.56999969482422,2326.8701171875,61.53120040893555
2018-05-23,79.80000305175781,2295.570068359375,61.198001861572266
2018-05-24,78.79000091552734,2294.010009765625,61.285499572753906
2018-05-25,76.44000244140625,2306.570068359375,61.5265007019043
2018-05-28,,2311.280029296875,62.142799377441406
2018-05-29,75.38999938964844,2298.0,62.289798736572266
2018-05-30,77.5,2297.60009765625,62.86669921875
2018-05-31,77.58999633789062,2302.8798828125,62.09700012207031
2018-06-01,77.58999633789062,2295.340087890625,62.30440139770508
2018-06-04,75.29000091552734,2323.639892578125,62.150299072265625
2018-06-05,75.37999725341797,2318.22998046875,62.02090072631836
2018-06-06,75.36000061035156,2315.449951171875,62.07160186767578
2018-06-07,77.31999969482422,2316.070068359375,61.67660140991211
2018-06-08,76.45999908447266,2267.919921875,62.34149932861328
2018-06-11,76.45999908447266,2271.739990234375,62.38399887084961
2018-06-12,75.87999725341797,,62.75849914550781
2018-06-13,76.73999786376953,2270.72998046875,63.04010009765625
2018-06-14,75.94000244140625,2253.47998046875,62.54349899291992
2018-06-15,73.44000244140625,2237.530029296875,62.5620002746582
2018-06-18,75.33999633789062,2222.56005859375,62.980201721191406
2018-06-19,75.08000183105469,2221.419921875,63.37310028076172
2018-06-20,74.73999786376953,2256.27001953125,63.808799743652344
2018-06-21,73.05000305175781,2245.93994140625,63.56169891357422
2018-06-22,75.55000305175781,2249.679931640625,63.84389877319336
2018-06-25,74.7300033569336,2236.64990234375,62.94200134277344
2018-06-26,76.30999755859375,2231.030029296875,62.753501892089844
2018-06-27,77.62000274658203,2253.60009765625,63.0786018371582
2018-06-28,77.8499984741211,2250.260009765625,63.095001220703125
2018-06-29,79.44000244140625,2295.949951171875,62.833900451660156
2018-07-02,79.41000366210938,2319.31005859375,62.93899917602539
2018-07-03,77.76000213623047,2301.64990234375,63.80540084838867
2018-07-04,,2304.06005859375,63.11650085449219
2018-07-05,77.38999938964844,2346.860107421875,63.330101013183594
2018-07-06,77.11000061035156,2345.3798828125,63.150001525878906
2018-07-09,78.06999969482422,2373.169921875,62.90409851074219
2018-07-10,78.86000061035156,2365.169921875,62.37710189819336
2018-07-11,73.4000015258789,2336.14990234375,61.7593994140625
2018-07-12,74.44999694824219,2322.06005859375,62.33530044555664
2018-07-13,75.33000183105469,2346.429931640625,62.21910095214844
2018-07-16,71.83999633789062,2334.179931640625,62.48500061035156
2018-07-17,72.16000366210938,2310.919921875,62.3120002746582
2018-07-18,72.9000015258789,2294.780029296875,62.61970138549805
2018-07-19,72.58000183105469,2269.449951171875,62.99909973144531
2018-07-20,73.06999969482422,2247.820068359375,63.58140182495117
2018-07-23,73.05999755859375,2261.25,63.36819839477539
2018-07-24,73.44000244140625,2278.300048828125,62.94540023803711
2018-07-25,73.93000030517578,2282.840087890625,63.343101501464844
2018-07-26,74.54000091552734,2293.070068359375,62.791099548339844
2018-07-27,74.29000091552734,2292.719970703125,62.91849899291992
2018-07-30,74.97000122070312,2295.719970703125,62.69660186767578
2018-07-31,74.25,2321.110107421875,62.20640182495117
2018-08-01,74.25,2315.179931640625,62.21689987182617
2018-08-02,73.44999694824219,2295.14990234375,62.94329833984375
2018-08-03,73.20999908447266,2297.989990234375,63.29090118408203
2018-08-06,73.75,2299.8798828125,63.305301666259766
2018-08-07,74.6500015258789,2312.18994140625,63.68539810180664
2018-08-08,72.27999877929688,2293.010009765625,63.482200622558594
2018-08-09,72.06999969482422,2309.580078125,65.5624008178711
2018-08-10,72.80999755859375,2275.050048828125,66.56320190429688
2018-08-13,72.61000061035156,2285.610107421875,67.81520080566406
2018-08-14,72.45999908447266,2282.8798828125,67.59159851074219
2018-08-15,70.76000213623047,2267.1298828125,66.84400177001953
2018-08-16,71.43000030517578,2261.090087890625,67.28780364990234
2018-08-17,71.83000183105469,2255.1201171875,66.83450317382812
2018-08-20,72.20999908447266,2272.489990234375,67.0458984375
2018-08-21,72.62999725341797,2291.760009765625,66.96170043945312
2018-08-22,74.77999877929688,2297.06005859375,67.26899719238281
2018-08-23,74.7300033569336,2260.0400390625,68.02200317382812
2018-08-24,75.81999969482422,2279.760009765625,68.19920349121094
2018-08-27,76.20999908447266,2312.929931640625,67.11470031738281
2018-08-28,75.94999694824219,2316.280029296875,67.43579864501953
2018-08-29,77.13999938964844,2348.43994140625,67.77649688720703
2018-08-30,77.7699966430664,2330.919921875,67.90979766845703
2018-08-31,77.41999816894531,2345.85009765625,68.20269775390625
2018-09-03,,2346.080078125,67.55899810791016
2018-09-04,78.16999816894531,2336.3798828125,67.89839935302734
2018-09-05,77.2699966430664,2321.330078125,68.13400268554688
2018-09-06,76.5,2320.64990234375,68.14900207519531
2018-09-07,76.83000183105469,2321.820068359375,69.14579772949219
2018-09-10,77.37000274658203,2335.85009765625,69.70279693603516
2018-09-11,79.05999755859375,2335.18994140625,70.53730010986328
2018-09-12,79.73999786376953,2340.6298828125,69.3749008178711
2018-09-13,78.18000030517578,2357.320068359375,68.90809631347656
2018-09-14,78.08999633789062,2360.260009765625,68.23889923095703
2018-09-17,78.05000305175781,2373.75,68.00579833984375
2018-09-18,79.02999877929688,2402.580078125,68.13040161132812
2018-09-19,79.4000015258789,2404.419921875,67.33470153808594
2018-09-20,78.69999694824219,2400.889892578125,66.79019927978516
2018-09-21,78.80000305175781,2426.800048828125,66.33619689941406
2018-09-24,81.19999694824219,2430.010009765625,66.56269836425781
2018-09-25,81.87000274658203,2444.219970703125,65.87129974365234
2018-09-26,81.33999633789062,2427.2900390625,65.7344970703125
2018-09-27,81.72000122070312,2474.570068359375,65.8125
2018-09-28,82.72000122070312,2475.360107421875,65.53600311279297
2018-10-01,82.66999816894531,2472.219970703125,65.58350372314453
2018-10-02,84.80000305175781,2449.699951171875,64.9364013671875
2018-10-03,86.29000091552734,2493.909912109375,65.38829803466797
2018-10-04,84.58000183105469,2465.030029296875,65.89759826660156
2018-10-05,84.16000366210938,2450.89990234375,66.81839752197266
2018-10-08,83.91000366210938,2454.280029296875,66.56790161132812
2018-10-09,85.0,2443.830078125,66.63269805908203
2018-10-10,83.08999633789062,2417.68994140625,66.20179748535156
2018-10-11,80.26000213623047,2366.469970703125,66.90070343017578
2018-10-12,80.43000030517578,2403.02001953125,66.21980285644531
2018-10-15,80.77999877929688,2389.050048828125,65.95770263671875
2018-10-16,81.41000366210938,2417.260009765625,65.53990173339844
2018-10-17,80.05000305175781,2411.419921875,65.28790283203125
2018-10-18,79.29000091552734,2378.6201171875,65.51360321044922
2018-10-19,79.77999877929688,2344.7900390625,65.78350067138672
2018-10-22,79.83000183105469,2308.56005859375,65.51679992675781
2018-10-23,76.44000244140625,2305.580078125,65.1675033569336
2018-10-24,76.16999816894531,2336.489990234375,65.51509857177734
2018-10-25,76.88999938964844,2331.590087890625,65.52200317382812
2018-10-26,77.62000274658203,2293.219970703125,65.49449920654297
2018-10-29,77.33999633789062,2317.06005859375,65.78109741210938
2018-10-30,75.91000366210938,2299.97998046875,65.77890014648438
2018-10-31,75.47000122070312,2352.7099609375,65.47200012207031
2018-11-01,75.5,2359.330078125,65.71479797363281
2018-11-02,72.83000183105469,2377.949951171875,65.65119934082031
2018-11-05,73.16999816894531,,66.06159973144531
2018-11-06,72.12999725341797,2412.31005859375,66.02989959716797
2018-11-07,72.06999969482422,2445.340087890625,66.01300048828125
2018-11-08,70.6500015258789,2438.6201171875,66.15750122070312
2018-11-09,70.18000030517578,2403.469970703125,66.86830139160156
2018-11-12,70.12000274658203,2393.81005859375,67.85340118408203
2018-11-13,65.47000122070312,2374.93994140625,67.81880187988281
2018-11-14,66.12000274658203,2378.590087890625,67.9385986328125
2018-11-15,66.62000274658203,2381.449951171875,67.05809783935547
2018-11-16,66.76000213623047,2372.669921875,65.87200164794922
2018-11-19,66.79000091552734,2373.780029296875,65.99019622802734
2018-11-20,62.529998779296875,2341.60009765625,65.55760192871094
2018-11-21,63.47999954223633,2357.969970703125,66.05059814453125
2018-11-22,,2369.530029296875,65.66619873046875
2018-11-23,58.79999923706055,2342.969970703125,65.59729766845703
2018-11-26,60.47999954223633,2308.5,66.50659942626953
2018-11-27,60.209999084472656,2338.7099609375,67.089599609375
2018-11-28,58.7599983215332,2381.1201171875,67.01730346679688
2018-11-29,59.5099983215332,2398.56005859375,66.9175033569336
2018-11-30,58.709999084472656,2392.5,66.0697021484375
2018-12-03,58.689998626708984,2441.18994140625,66.706298828125
2018-12-04,62.08000183105469,2443.3798828125,66.5521011352539
2018-12-05,,2445.550048828125,66.80999755859375
2018-12-06,60.060001373291016,2412.31005859375,66.48819732666016
2018-12-07,61.66999816894531,2431.2900390625,66.81230163574219
2018-12-10,59.970001220703125,2396.840087890625,66.32589721679688
2018-12-11,60.20000076293945,2394.260009765625,66.65390014648438
2018-12-12,60.150001525878906,2370.35009765625,66.36620330810547
2018-12-13,61.45000076293945,2378.5,66.37740325927734
2018-12-14,60.279998779296875,2365.68994140625,66.31590270996094
2018-12-17,59.61000061035156,2359.1298828125,66.64070129394531
2018-12-18,56.2599983215332,2350.2900390625,66.63739776611328
2018-12-19,57.2400016784668,2358.580078125,67.39520263671875
2018-12-20,54.349998474121094,2352.8798828125,67.41200256347656
2018-12-21,53.81999969482422,2347.169921875,68.24749755859375
2018-12-24,50.470001220703125,2322.27001953125,68.7208023071289
2018-12-25,,,68.61380004882812
2018-12-26,54.470001220703125,2308.85009765625,68.72039794921875
2018-12-27,52.15999984741211,2327.81005859375,68.64790344238281
2018-12-28,52.20000076293945,2358.5,69.55719757080078
2018-12-31,52.279998779296875,,69.52120208740234
2019-01-01,,,69.17400360107422
2019-01-02,54.90999984741211,,68.89250183105469
2019-01-03,55.95000076293945,2375.60009765625,69.02580261230469
2019-01-04,57.060001373291016,2406.5,68.85910034179688
2019-01-07,57.33000183105469,,67.56600189208984
2019-01-08,58.720001220703125,2389.68994140625,66.74829864501953
2019-01-09,61.439998626708984,2414.1298828125,66.8864974975586
2019-01-10,61.68000030517578,2434.14990234375,66.65270233154297
2019-01-11,60.47999954223633,2444.449951171875,66.86720275878906
2019-01-14,58.9900016784668,2440.14990234375,66.85220336914062
2019-01-15,60.63999938964844,2439.550048828125,66.98539733886719
2019-01-16,61.31999969482422,2434.60009765625,67.01349639892578
2019-01-17,61.18000030517578,2447.639892578125,66.31600189208984
2019-01-18,62.70000076293945,2473.610107421875,66.3467025756836
2019-01-21,,2468.25,66.20490264892578
2019-01-22,61.5,2468.72998046875,66.3635025024414
2019-01-23,61.13999938964844,2491.489990234375,66.4761962890625
2019-01-24,61.09000015258789,2482.7099609375,66.03710174560547
2019-01-25,61.63999938964844,2498.22998046875,65.73040008544922
2019-01-28,59.93000030517578,2476.81005859375,65.74629974365234
2019-01-29,61.31999969482422,2498.35009765625,66.20980072021484
2019-01-30,61.650001525878906,2511.860107421875,65.96330261230469
2019-01-31,61.88999938964844,2521.10009765625,65.41439819335938
2019-02-01,61.869998931884766,2521.699951171875,65.36329650878906
2019-02-04,62.5099983215332,2523.52001953125,65.45179748535156
2019-02-05,61.97999954223633,2547.27001953125,65.54129791259766
2019-02-06,62.689998626708984,2539.72998046875,65.60710144042969
2019-02-07,61.630001068115234,2509.889892578125,65.77749633789062
2019-02-08,62.099998474121094,2502.820068359375,65.8936996459961
2019-02-11,61.5099983215332,2510.219970703125,65.40029907226562
2019-02-12,62.41999816894531,2533.320068359375,65.77030181884766
2019-02-13,63.61000061035156,2485.760009765625,65.8301010131836
2019-02-14,64.56999969482422,2460.820068359375,66.51580047607422
2019-02-15,66.25,2490.159912109375,66.6229019165039
2019-02-18,,2472.409912109375,66.2052993774414
2019-02-19,66.44999694824219,2458.550048828125,66.20269775390625
2019-02-20,67.08000183105469,2487.820068359375,65.76570129394531
2019-02-21,67.06999969482422,2470.22998046875,65.62989807128906
2019-02-22,67.12000274658203,2488.6298828125,65.64990234375
2019-02-25,64.76000213623047,2494.6298828125,65.40450286865234
2019-02-26,65.20999908447266,2494.02001953125,65.56790161132812
2019-02-27,66.38999938964844,2490.64990234375,65.64810180664062
2019-02-28,66.02999877929688,2485.27001953125,65.72579956054688
2019-03-01,66.01000213623047,2478.010009765625,65.82559967041016
2019-03-04,65.66999816894531,2473.7900390625,65.82469940185547
2019-03-05,65.86000061035156,2466.22998046875,65.65910339355469
2019-03-06,65.98999786376953,2494.0400390625,65.78939819335938
2019-03-07,66.30000305175781,2476.639892578125,65.92410278320312
2019-03-08,65.73999786376953,,66.25389862060547
2019-03-11,66.58000183105469,2465.93994140625,66.34970092773438
2019-03-12,66.66999816894531,2468.25,65.83110046386719
2019-03-13,67.55000305175781,2470.610107421875,65.58350372314453
2019-03-14,67.2300033569336,2457.7900390625,65.33769989013672
2019-03-15,67.16000366210938,2476.72998046875,65.44309997558594
2019-03-18,67.54000091552734,2483.699951171875,64.7957992553711
2019-03-19,67.61000061035156,2493.280029296875,64.33059692382812
2019-03-20,68.5,2504.22998046875,64.3302001953125
2019-03-21,67.86000061035156,2507.81005859375,63.80070114135742
2019-03-22,67.02999877929688,2492.699951171875,63.79399871826172
2019-03-25,67.20999908447266,2497.590087890625,64.50129699707031
2019-03-26,67.97000122070312,2512.6298828125,64.01950073242188
2019-03-27,67.83000183105469,2487.47998046875,64.30690002441406
2019-03-28,67.81999969482422,2492.39990234375,64.81559753417969
2019-03-29,68.38999938964844,2497.10009765625,64.90869903564453
2019-04-01,68.3499984741211,2521.25,65.60220336914062
2019-04-02,69.37000274658203,2527.77001953125,65.21109771728516
2019-04-03,69.30999755859375,2532.320068359375,65.31659698486328
2019-04-04,69.4000015258789,2535.5,65.18280029296875
2019-04-05,70.33999633789062,2540.989990234375,65.39289855957031
2019-04-08,71.0999984741211,2560.070068359375,65.3634033203125
2019-04-09,70.61000061035156,2570.280029296875,64.87419891357422
2019-04-10,71.7300033569336,2578.580078125,64.86250305175781
2019-04-11,70.83000183105469,2551.449951171875,64.23919677734375
2019-04-12,71.55000305175781,2559.719970703125,64.5687026977539
2019-04-15,71.18000030517578,2545.1201171875,64.34760284423828
2019-04-16,71.72000122070312,2559.840087890625,64.30870056152344
2019-04-17,71.62000274658203,2568.260009765625,64.01699829101562
2019-04-18,71.97000122070312,2560.800048828125,63.854400634765625
2019-04-19,,,63.89609909057617
2019-04-22,74.04000091552734,2584.739990234375,63.98809814453125
2019-04-23,74.51000213623047,2587.47998046875,63.78450012207031
2019-04-24,74.56999969482422,2579.050048828125,63.669700622558594
2019-04-25,74.3499984741211,2560.93994140625,64.38710021972656
2019-04-26,72.1500015258789,2563.719970703125,64.6093978881836
2019-04-29,72.04000091552734,2569.830078125,64.63150024414062
2019-04-30,72.80000305175781,2559.320068359375,64.43180084228516
2019-05-01,72.79000091552734,,64.55879974365234
2019-05-02,70.75,2575.219970703125,64.7240982055664
2019-05-03,70.8499984741211,2580.949951171875,65.36599731445312
2019-05-06,71.23999786376953,2579.75,65.32689666748047
2019-05-07,69.87999725341797,2565.10009765625,65.2791976928711
2019-05-08,70.37000274658203,2544.429931640625,65.3667984008789
2019-05-09,70.38999938964844,,65.02449798583984
2019-05-10,70.62000274658203,2514.8701171875,65.2020034790039
2019-05-13,70.2300033569336,2508.8701171875,65.143798828125
2019-05-14,71.23999786376953,2562.330078125,65.28939819335938
2019-05-15,71.7699966430664,2554.489990234375,64.85859680175781
2019-05-16,72.62000274658203,2581.110107421875,64.64440155029297
2019-05-17,72.20999908447266,2577.47998046875,64.6272964477539
2019-05-20,71.97000122070312,2571.64990234375,64.68389892578125
2019-05-21,72.18000030517578,2616.530029296875,64.46109771728516
2019-05-22,70.98999786376953,2638.7099609375,
2019-05-23,67.76000213623047,2618.610107421875,64.34559631347656
2019-05-24,68.69000244140625,2619.239990234375,64.82659912109375
2019-05-27,,2632.949951171875,64.43589782714844
2019-05-28,70.11000061035156,2609.780029296875,64.3407974243164
2019-05-29,69.44999694824219,2641.14990234375,64.63379669189453
2019-05-30,66.87000274658203,2659.52001953125,64.9207992553711
2019-05-31,64.48999786376953,2665.330078125,65.21389770507812
2019-06-03,64.44999694824219,2729.929931640625,65.5551986694336
2019-06-04,61.970001220703125,2706.2900390625,65.3031005859375
2019-06-05,60.630001068115234,2701.840087890625,65.12999725341797
2019-06-06,61.66999816894531,2728.25,65.27850341796875
2019-06-07,63.290000915527344,2729.610107421875,65.03279876708984
2019-06-10,62.290000915527344,2742.590087890625,64.82839965820312
2019-06-11,62.290000915527344,2751.75,64.70120239257812
2019-06-12,59.970001220703125,,64.55030059814453
2019-06-13,61.310001373291016,2758.360107421875,64.77639770507812
2019-06-14,62.0099983215332,2739.280029296875,64.51809692382812
2019-06-17,60.939998626708984,2734.31005859375,64.32820129394531
2019-06-18,62.13999938964844,2761.68994140625,64.29869842529297
2019-06-19,61.81999969482422,2759.1201171875,63.957698822021484
2019-06-20,64.44999694824219,2780.199951171875,63.731998443603516
2019-06-21,65.19999694824219,2761.22998046875,62.8671989440918
2019-06-24,64.86000061035156,2762.64990234375,63.05699920654297
2019-06-25,65.05000305175781,2753.9599609375,62.52989959716797
2019-06-26,66.48999786376953,2775.139892578125,62.8661003112793
2019-06-27,66.55000305175781,2779.659912109375,63.00559997558594
2019-06-28,66.55000305175781,2765.85009765625,63.05739974975586
2019-07-01,66.5,2801.469970703125,62.95830154418945
2019-07-02,62.400001525878906,2809.81005859375,62.90840148925781
2019-07-03,63.81999969482422,2823.949951171875,63.27069854736328
2019-07-04,,2842.780029296875,63.28089904785156
2019-07-05,64.2300033569336,2835.35009765625,63.43170166015625
2019-07-08,64.11000061035156,2822.550048828125,63.72700119018555
2019-07-09,64.16000366210938,2822.659912109375,63.65409851074219
2019-07-10,67.01000213623047,2822.75,63.813201904296875
2019-07-11,66.5199966430664,2789.659912109375,63.11600112915039
2019-07-12,66.72000122070312,2777.580078125,62.79570007324219
2019-07-15,66.4800033569336,2756.43994140625,63.110198974609375
2019-07-16,64.3499984741211,2755.8798828125,62.646400451660156
2019-07-17,63.65999984741211,2713.169921875,62.96379852294922
2019-07-18,61.93000030517578,2702.590087890625,62.902198791503906
2019-07-19,62.470001220703125,2700.570068359375,62.85409927368164
2019-07-22,63.2599983215332,2684.25,62.976200103759766
2019-07-23,63.83000183105469,2701.06005859375,63.0010986328125
2019-07-24,63.18000030517578,2682.909912109375,63.16510009765625
2019-07-25,63.38999938964844,2701.02001953125,63.24509811401367
2019-07-26,63.459999084472656,2715.679931640625,63.15129852294922
2019-07-29,63.709999084472656,2728.27001953125,63.17660140991211
2019-07-30,64.72000122070312,2734.679931640625,63.41419982910156
2019-07-31,65.16999816894531,2739.5,63.49079895019531
2019-08-01,65.19000244140625,2729.419921875,63.56460189819336
2019-08-02,61.88999938964844,2674.89990234375,64.29989624023438
2019-08-05,59.810001373291016,2649.159912109375,65.22650146484375
2019-08-06,58.939998626708984,2683.35009765625,65.71990203857422
2019-08-07,56.22999954223633,2674.97998046875,65.25430297851562
2019-08-08,57.380001068115234,2696.68994140625,65.3292007446289
2019-08-09,58.529998779296875,2679.7099609375,65.07720184326172
2019-08-12,58.56999969482422,2689.929931640625,65.27880096435547
2019-08-13,61.29999923706055,2680.1201171875,65.41259765625
2019-08-14,59.47999954223633,2637.0400390625,64.88050079345703
2019-08-15,58.22999954223633,2625.580078125,66.04650115966797
2019-08-16,58.63999938964844,2615.199951171875,66.05239868164062
2019-08-19,59.7400016784668,2648.090087890625,66.35820007324219
2019-08-20,60.029998779296875,2672.840087890625,66.9352035522461
2019-08-21,60.29999923706055,2673.949951171875,66.41940307617188
2019-08-22,59.91999816894531,2675.1298828125,65.76629638671875
2019-08-23,59.34000015258789,2660.739990234375,65.52950286865234
2019-08-26,58.70000076293945,2658.239990234375,66.24369812011719
2019-08-27,59.5099983215332,2659.35009765625,66.09320068359375
2019-08-28,60.4900016784668,2677.31005859375,66.41130065917969
2019-08-29,61.08000183105469,2714.25,66.74510192871094
2019-08-30,60.43000030517578,2740.0400390625,66.49150085449219
2019-09-02,,2773.010009765625,66.73799896240234
2019-09-03,58.2599983215332,2774.199951171875,66.75679779052734
2019-09-04,60.70000076293945,2793.360107421875,66.74569702148438
2019-09-05,60.95000076293945,2807.06005859375,66.19120025634766
2019-09-06,61.540000915527344,2797.550048828125,66.16709899902344
2019-09-09,62.59000015258789,2786.6298828125,65.75849914550781
2019-09-10,62.380001068115234,2787.52001953125,65.51470184326172
2019-09-11,60.810001373291016,2817.050048828125,65.31729888916016
2019-09-12,60.380001068115234,2799.989990234375,65.42160034179688
2019-09-13,60.220001220703125,2791.739990234375,64.72859954833984
2019-09-16,69.0199966430664,2834.320068359375,63.899600982666016
2019-09-17,64.55000305175781,2820.860107421875,63.968299865722656
2019-09-18,63.599998474121094,2818.60009765625,64.28810119628906
2019-09-19,64.4000015258789,2794.77001953125,64.21089935302734
2019-09-20,64.27999877929688,2796.409912109375,63.97919845581055
2019-09-23,64.7699966430664,2785.4599609375,63.95249938964844
2019-09-24,63.099998474121094,2754.530029296875,63.76890182495117
2019-09-25,62.38999938964844,2760.2900390625,64.0000991821289
2019-09-26,62.7400016784668,2772.699951171875,64.1498031616211
2019-09-27,61.90999984741211,2757.97998046875,64.21510314941406
2019-09-30,60.779998779296875,2747.179931640625,64.62210083007812
2019-10-01,60.75,2758.830078125,64.82050323486328
2019-10-02,57.689998626708984,2719.389892578125,65.22969818115234
2019-10-03,57.709999084472656,2707.469970703125,65.21649932861328
2019-10-04,58.369998931884766,2692.550048828125,65.07640075683594
2019-10-07,58.349998474121094,2719.219970703125,64.66439819335938
2019-10-08,58.2400016784668,2707.889892578125,64.94409942626953
2019-10-09,58.31999969482422,2713.02001953125,65.15540313720703
2019-10-10,59.099998474121094,2721.510009765625,65.01730346679688
2019-10-11,60.5099983215332,2708.070068359375,64.3927001953125
2019-10-14,59.349998474121094,2697.4599609375,64.2396011352539
2019-10-15,58.7400016784668,2715.260009765625,64.25240325927734
2019-10-16,59.41999816894531,2744.35009765625,64.2781982421875
2019-10-17,59.90999984741211,2748.639892578125,64.08270263671875
2019-10-18,59.41999816894531,2752.909912109375,64.06490325927734
2019-10-21,58.959999084472656,2761.14990234375,63.890201568603516
2019-10-22,59.70000076293945,2802.22998046875,63.725101470947266
2019-10-23,61.16999816894531,2821.580078125,63.6526985168457
2019-10-24,61.66999816894531,2877.050048828125,63.90380096435547
2019-10-25,62.02000045776367,2873.409912109375,64.03479766845703
2019-10-28,61.56999969482422,2856.909912109375,63.82569885253906
2019-10-29,61.59000015258789,2886.47998046875,63.68349838256836
2019-10-30,60.61000061035156,2911.14990234375,63.94179916381836
2019-10-31,60.22999954223633,2893.97998046875,63.75080108642578
2019-11-01,60.209999084472656,2930.39990234375,64.09130096435547
2019-11-04,62.130001068115234,,63.40169906616211
2019-11-05,62.959999084472656,2949.550048828125,63.449100494384766
2019-11-06,61.7400016784668,2980.840087890625,63.44779968261719
2019-11-07,62.290000915527344,3008.5400390625,63.81549835205078
2019-11-08,62.5099983215332,2973.18994140625,63.74409866333008
2019-11-11,62.18000030517578,2961.4599609375,63.8025016784668
2019-11-12,62.060001373291016,2951.159912109375,63.835601806640625
2019-11-13,62.369998931884766,2933.889892578125,64.22820281982422
2019-11-14,62.279998779296875,2922.449951171875,64.28150177001953
2019-11-15,63.29999923706055,2934.820068359375,63.89289855957031
2019-11-18,62.439998626708984,2924.47998046875,63.70330047607422
2019-11-19,60.90999984741211,2941.68994140625,63.85580062866211
2019-11-20,62.400001525878906,2936.469970703125,63.837398529052734
2019-11-21,63.970001220703125,2942.60009765625,63.787899017333984
2019-11-22,63.38999938964844,2947.679931640625,63.66999816894531
2019-11-25,63.650001525878906,2955.320068359375,63.79790115356445
2019-11-26,64.2699966430664,2930.6201171875,63.898101806640625
2019-11-27,64.05999755859375,2929.050048828125,63.94070053100586
2019-11-28,,2927.570068359375,63.958099365234375
2019-11-29,62.43000030517578,2935.3701171875,64.05619812011719
2019-12-02,62.400001525878906,2921.179931640625,64.29199981689453
2019-12-03,60.81999969482422,2883.47998046875,64.17160034179688
2019-12-04,63.0,2900.659912109375,64.09120178222656
2019-12-05,63.38999938964844,2899.2900390625,63.859100341796875
2019-12-06,64.38999938964844,2928.760009765625,63.67580032348633
2019-12-09,64.25,2945.030029296875,63.630001068115234
2019-12-10,64.33999633789062,2932.39990234375,63.51430130004883
2019-12-11,63.720001220703125,2954.39990234375,63.485198974609375
2019-12-12,64.19999694824219,2982.860107421875,63.30400085449219
2019-12-13,65.22000122070312,2996.6298828125,62.674800872802734
2019-12-16,65.33999633789062,3006.159912109375,62.86399841308594
2019-12-17,66.0999984741211,3013.2900390625,62.439998626708984
2019-12-18,66.16999816894531,3023.919921875,62.40879821777344
2019-12-19,66.54000091552734,3008.389892578125,62.61280059814453
2019-12-20,66.13999938964844,3015.929931640625,62.3218994140625
2019-12-23,66.38999938964844,3033.81005859375,62.222599029541016
2019-12-24,67.19999694824219,3030.590087890625,62.292198181152344
2019-12-25,,,61.91999816894531
2019-12-26,67.91999816894531,3031.669921875,61.81169891357422
2019-12-27,68.16000366210938,3050.469970703125,62.17599868774414
2019-12-30,68.44000244140625,3045.8701171875,62.05120086669922
2019-12-31,68.37999725341797,,61.971099853515625
2020-01-01,,,62.02830123901367
2020-01-02,66.25,,61.83000183105469
2020-01-03,68.5999984741211,3076.3701171875,61.69419860839844
2020-01-06,68.91000366210938,3078.8701171875,62.029998779296875
2020-01-07,68.2699966430664,,61.775001525878906
2020-01-08,65.44000244140625,3110.06005859375,61.93090057373047
2020-01-09,65.37000274658203,3118.080078125,61.26190185546875
2020-01-10,64.9800033569336,3123.659912109375,61.2661018371582
2020-01-13,64.19999694824219,3151.68994140625,61.005001068115234
2020-01-14,64.48999786376953,3129.77001953125,61.1879997253418
2020-01-15,64.0,3132.6298828125,61.4025993347168
2020-01-16,64.62000274658203,3157.22998046875,61.344398498535156
2020-01-17,64.8499984741211,3196.8798828125,61.57749938964844
2020-01-20,,3219.919921875,61.56740188598633
2020-01-21,64.58999633789062,3209.219970703125,61.568599700927734
2020-01-22,63.209999084472656,3174.6201171875,61.85969924926758
2020-01-23,62.040000915527344,3141.199951171875,61.87799835205078
2020-01-24,60.689998626708984,3146.199951171875,61.892799377441406
2020-01-27,59.31999969482422,3085.159912109375,62.13100051879883
2020-01-28,59.5099983215332,3113.10009765625,62.89390182495117
2020-01-29,59.810001373291016,3128.800048828125,62.21329879760742
2020-01-30,58.290000915527344,3108.580078125,62.51649856567383
2020-01-31,58.15999984741211,3076.64990234375,63.19609832763672
2020-02-03,58.20000076293945,3070.840087890625,63.89030075073242
2020-02-04,53.959999084472656,3097.60009765625,63.653099060058594
2020-02-05,55.279998779296875,3114.25,62.92620086669922
2020-02-06,54.93000030517578,3096.679931640625,62.83879852294922
2020-02-07,54.470001220703125,3087.6298828125,63.27000045776367
2020-02-10,53.27000045776367,3062.409912109375,64.12930297851562
2020-02-11,54.0099983215332,3097.580078125,64.07830047607422
2020-02-12,55.790000915527344,3122.27001953125,63.32429885864258
2020-02-13,56.34000015258789,3110.050048828125,63.198001861572266
2020-02-14,57.31999969482422,3096.8798828125,63.634498596191406
2020-02-17,,3110.06005859375,63.52510070800781
2020-02-18,57.75,3074.050048828125,63.46549987792969
2020-02-19,59.119998931884766,3114.570068359375,63.865699768066406
2020-02-20,59.310001373291016,3125.10009765625,63.52069854736328
2020-02-21,58.5,3106.030029296875,64.1261978149414
2020-02-24,56.29999923706055,,64.0541000366211
2020-02-25,54.95000076293945,3002.679931640625,65.32369995117188
2020-02-26,53.43000030517578,3017.419921875,65.27839660644531
2020-02-27,52.18000030517578,2915.840087890625,65.45130157470703
2020-02-28,50.52000045776367,2785.080078125,66.26909637451172
2020-03-02,50.47999954223633,2765.77001953125,67.13099670410156
2020-03-03,51.86000061035156,2821.3701171875,66.25569915771484
2020-03-04,51.130001068115234,2828.010009765625,66.17960357666016
2020-03-05,49.9900016784668,2816.699951171875,66.19200134277344
2020-03-06,45.27000045776367,2719.510009765625,67.53939819335938
2020-03-09,34.36000061035156,,72.05000305175781
2020-03-10,37.220001220703125,2498.93994140625,74.64099884033203
2020-03-11,35.790000915527344,2492.8798828125,71.05020141601562
2020-03-12,33.220001220703125,2286.39990234375,73.11499786376953
2020-03-13,33.849998474121094,2316.3798828125,74.89810180664062
2020-03-16,30.049999237060547,2266.89990234375,73.23799896240234
2020-03-17,28.729999542236328,2224.739990234375,74.3563003540039
2020-03-18,24.8799991607666,2112.639892578125,75.29750061035156
2020-03-19,28.469999313354492,2275.699951171875,80.91999816894531
2020-03-20,26.979999542236328,2331.610107421875,78.9655990600586
2020-03-23,27.030000686645508,2253.35009765625,79.83869934082031
2020-03-24,27.149999618530273,2415.969970703125,79.44280242919922
2020-03-25,27.389999389648438,2452.68994140625,78.26319885253906
2020-03-26,26.34000015258789,2489.969970703125,78.32849884033203
2020-03-27,24.93000030517578,2401.110107421875,77.44029998779297
2020-03-30,22.760000228881836,2433.35009765625,78.6520004272461
2020-03-31,22.739999771118164,2508.81005859375,79.58920288085938
2020-04-01,22.760000228881836,2473.610107421875,78.41419982910156
2020-04-02,29.940000534057617,2545.949951171875,78.66619873046875
2020-04-03,34.11000061035156,2572.22998046875,77.09950256347656
2020-04-06,33.04999923706055,2622.590087890625,77.09750366210938
2020-04-07,31.8700008392334,2634.739990234375,75.95559692382812
2020-04-08,32.84000015258789,2670.1201171875,75.53510284423828
2020-04-09,31.479999542236328,2701.77001953125,75.04810333251953
2020-04-10,,2677.860107421875,74.26380157470703
2020-04-13,31.739999771118164,2628.85009765625,73.66329956054688
2020-04-14,29.600000381469727,2631.830078125,73.60289764404297
2020-04-15,27.690000534057617,2498.93994140625,73.0154037475586
2020-04-16,27.81999969482422,2515.050048828125,74.81849670410156
2020-04-17,28.079999923706055,2534.969970703125,74.19740295410156
2020-04-20,25.56999969482422,2525.969970703125,74.06510162353516
2020-04-21,19.329999923706055,2488.02001953125,75.4092025756836
2020-04-22,20.3700008392334,2573.409912109375,76.92009735107422
2020-04-23,21.329999923706055,2599.409912109375,75.93009948730469
2020-04-24,21.440000534057617,2562.030029296875,74.91500091552734
2020-04-27,19.989999771118164,2570.909912109375,74.59329986572266
2020-04-28,20.459999084472656,2612.239990234375,74.46499633789062
2020-04-29,22.540000915527344,2663.139892578125,74.14739990234375
2020-04-30,25.270000457763672,2650.56005859375,73.06539916992188
2020-05-01,25.290000915527344,,74.3385009765625
2020-05-04,27.200000762939453,2624.639892578125,75.42749786376953
2020-05-05,30.969999313354492,2653.510009765625,74.72489929199219
2020-05-06,29.719999313354492,2632.10009765625,73.69860076904297
2020-05-07,29.459999084472656,2634.0,74.46499633789062
2020-05-08,30.969999313354492,2641.550048828125,73.88870239257812
2020-05-11,29.6299991607666,,73.39340209960938
2020-05-12,29.979999542236328,2642.0400390625,73.62139892578125
2020-05-13,29.190000534057617,2604.97998046875,73.60269927978516
2020-05-14,31.1299991607666,2590.31005859375,73.94779968261719
2020-05-15,32.5,2593.909912109375,73.50969696044922
2020-05-18,34.810001373291016,2694.25,73.5969009399414
2020-05-19,34.650001525878906,2711.719970703125,72.69059753417969
2020-05-20,35.75,2770.7900390625,72.49189758300781
2020-05-21,36.060001373291016,2718.669921875,71.21170043945312
2020-05-22,35.130001068115234,2709.3798828125,70.90480041503906
2020-05-25,,2757.929931640625,71.57440185546875
2020-05-26,36.16999816894531,2754.0400390625,71.6187973022461
2020-05-27,34.7400016784668,2741.02001953125,70.7594985961914
2020-05-28,35.290000915527344,2779.97998046875,71.02230072021484
2020-05-29,35.33000183105469,2734.830078125,70.50489807128906
2020-06-01,35.31999969482422,2750.239990234375,70.16010284423828
2020-06-02,39.56999969482422,2796.510009765625,69.07640075683594
2020-06-03,39.790000915527344,2831.080078125,68.66010284423828
2020-06-04,39.9900016784668,2766.260009765625,68.49749755859375
2020-06-05,42.29999923706055,2792.739990234375,69.02729797363281
2020-06-08,40.79999923706055,2796.300048828125,68.13680267333984
2020-06-09,41.18000030517578,2795.89990234375,68.0905990600586
2020-06-10,41.72999954223633,2785.179931640625,68.5863037109375
2020-06-11,38.54999923706055,2743.800048828125,68.41739654541016
2020-06-12,38.72999954223633,,70.06759643554688
2020-06-15,39.720001220703125,2719.06005859375,69.50640106201172
2020-06-16,40.959999084472656,2748.300048828125,69.57250213623047
2020-06-17,40.709999084472656,2740.10009765625,69.58689880371094
2020-06-18,41.5099983215332,2724.330078125,69.72799682617188
2020-06-19,42.189998626708984,2758.669921875,69.92019653320312
2020-06-22,43.08000183105469,2763.2900390625,69.64710235595703
2020-06-23,42.630001068115234,2791.969970703125,69.091796875
2020-06-24,40.310001373291016,,68.72429656982422
2020-06-25,41.04999923706055,2760.75,69.4905014038086
2020-06-26,41.02000045776367,2761.739990234375,69.05829620361328
2020-06-29,41.709999084472656,2767.949951171875,69.72429656982422
2020-06-30,41.150001525878906,2743.199951171875,69.9729995727539
2020-07-01,41.130001068115234,,71.15070343017578
2020-07-02,43.13999938964844,2788.7900390625,70.85870361328125
2020-07-03,,2801.659912109375,70.58830261230469
2020-07-06,43.099998474121094,2835.179931640625,71.33110046386719
2020-07-07,43.08000183105469,2825.2099609375,71.78800201416016
2020-07-08,43.290000915527344,2815.830078125,71.41000366210938
2020-07-09,42.349998474121094,2782.429931640625,71.2041015625
2020-07-10,43.2400016784668,2800.93994140625,70.74440002441406
2020-07-13,42.720001220703125,2766.7900390625,70.69750213623047
2020-07-14,42.900001525878906,2744.5400390625,70.77159881591797
2020-07-15,43.790000915527344,2747.909912109375,70.95809936523438
2020-07-16,43.369998931884766,2760.010009765625,71.00430297851562
2020-07-17,43.13999938964844,2774.7900390625,71.54840087890625
2020-07-20,43.279998779296875,2802.239990234375,71.82530212402344
2020-07-21,44.31999969482422,2825.7099609375,71.4906997680664
2020-07-22,44.290000915527344,2834.64990234375,70.69709777832031
2020-07-23,43.310001373291016,2851.7900390625,71.12989807128906
2020-07-24,43.34000015258789,2863.1201171875,71.30490112304688
2020-07-27,43.40999984741211,2884.8798828125,71.70999908447266
2020-07-28,43.220001220703125,2895.449951171875,71.54010009765625
2020-07-29,43.75,2918.419921875,72.4740982055664
2020-07-30,42.939998626708984,2882.6298828125,72.47579956054688
2020-07-31,43.29999923706055,2911.570068359375,73.32150268554688
2020-08-03,43.2599983215332,2929.969970703125,74.3550033569336
2020-08-04,44.43000030517578,2940.4599609375,73.03669738769531
2020-08-05,45.16999816894531,2992.780029296875,73.38890075683594
2020-08-06,45.09000015258789,2988.5,72.81439971923828
2020-08-07,44.400001525878906,2972.35009765625,73.16230010986328
2020-08-10,44.9900016784668,2960.780029296875,73.71499633789062
2020-08-11,44.5,3005.6298828125,73.5260009765625
2020-08-12,45.43000030517578,3053.989990234375,73.06490325927734
2020-08-13,44.959999084472656,3080.43994140625,73.7780990600586
2020-08-14,44.79999923706055,3061.989990234375,72.91449737548828
2020-08-17,45.369998931884766,3052.4599609375,72.95719909667969
2020-08-18,45.459999084472656,3050.699951171875,73.63020324707031
2020-08-19,45.369998931884766,3056.5400390625,73.0459976196289
2020-08-20,44.900001525878906,2993.68994140625,73.25659942626953
2020-08-21,44.349998474121094,2995.610107421875,73.8687973022461
2020-08-24,45.130001068115234,3029.419921875,74.7300033569336
2020-08-25,45.86000061035156,3029.050048828125,74.5999984741211
2020-08-26,45.63999938964844,3051.969970703125,75.30889892578125
2020-08-27,45.09000015258789,3012.010009765625,75.5873031616211
2020-08-28,45.04999923706055,2980.169921875,74.98410034179688
2020-08-31,45.099998474121094,2966.199951171875,74.13020324707031
2020-09-01,,2975.0,73.81289672851562
2020-09-02,44.43000030517578,2956.5,73.55960083007812
2020-09-03,44.06999969482422,2931.919921875,75.46269989013672
2020-09-04,42.65999984741211,2921.550048828125,75.29519653320312
2020-09-07,,2932.2900390625,75.31729888916016
2020-09-08,39.779998779296875,2888.7900390625,75.71810150146484
2020-09-09,40.790000915527344,2876.070068359375,76.23699951171875
2020-09-10,40.060001373291016,2897.550048828125,75.32369995117188
2020-09-11,39.83000183105469,2910.510009765625,75.14350128173828
2020-09-14,39.61000061035156,2928.3798828125,74.86499786376953
2020-09-15,40.529998779296875,2980.580078125,75.206298828125
2020-09-16,42.220001220703125,2975.010009765625,75.20050048828125
2020-09-17,43.29999923706055,2971.739990234375,74.86009979248047
2020-09-18,43.150001525878906,2951.7900390625,74.95719909667969
2020-09-21,41.439998626708984,2863.669921875,75.54850006103516
2020-09-22,41.720001220703125,2884.659912109375,76.29219818115234
2020-09-23,41.77000045776367,2916.389892578125,76.01899719238281
2020-09-24,41.939998626708984,2912.760009765625,76.79730224609375
2020-09-25,41.91999816894531,2896.830078125,77.02639770507812
2020-09-28,42.43000030517578,2927.169921875,78.10379791259766
2020-09-29,41.029998779296875,2910.1201171875,79.1613998413086
2020-09-30,40.95000076293945,2905.81005859375,78.96510314941406
2020-10-01,40.959999084472656,2889.800048828125,77.66560363769531
2020-10-02,39.27000045776367,2852.419921875,77.2061996459961
2020-10-05,41.290000915527344,2881.97998046875,78.13999938964844
2020-10-06,42.650001525878906,2892.989990234375,78.1093978881836
2020-10-07,41.9900016784668,2842.580078125,78.372802734375
2020-10-08,43.34000015258789,2846.389892578125,78.0824966430664
2020-10-09,42.849998474121094,2834.090087890625,77.27960205078125
2020-10-12,41.720001220703125,2846.139892578125,76.8385009765625
2020-10-13,42.45000076293945,2829.22998046875,77.00019836425781
2020-10-14,43.31999969482422,2856.080078125,77.0259017944336
2020-10-15,43.15999984741211,2817.2900390625,77.71540069580078
2020-10-16,42.93000030517578,2799.5400390625,77.92070007324219
2020-10-19,42.619998931884766,2794.27001953125,77.51699829101562
2020-10-20,43.15999984741211,2803.06005859375,77.58820343017578
2020-10-21,41.72999954223633,2786.22998046875,77.2822036743164
2020-10-22,42.459999084472656,2803.169921875,76.67890167236328
2020-10-23,41.77000045776367,2816.699951171875,76.53839874267578
2020-10-26,40.459999084472656,2785.590087890625,76.16950225830078
2020-10-27,41.20000076293945,2763.030029296875,76.44950103759766
2020-10-28,39.119998931884766,2693.4599609375,77.2865982055664
2020-10-29,37.650001525878906,2709.0400390625,79.052001953125
2020-10-30,37.459999084472656,2690.590087890625,78.83830261230469
2020-11-02,37.459999084472656,2737.5400390625,79.47090148925781
2020-11-03,39.709999084472656,2786.419921875,80.52189636230469
2020-11-04,41.22999954223633,,79.04989624023438
2020-11-05,40.93000030517578,2861.389892578125,77.5636978149414
2020-11-06,39.45000076293945,2895.6201171875,76.88719940185547
2020-11-09,42.400001525878906,2987.75,77.31649780273438
2020-11-10,43.61000061035156,2998.610107421875,76.26370239257812
2020-11-11,43.79999923706055,3015.030029296875,76.46240234375
2020-11-12,43.529998779296875,3025.830078125,77.04750061035156
2020-11-13,42.779998779296875,3025.219970703125,77.07450103759766
2020-11-16,43.81999969482422,3079.739990234375,77.31790161132812
2020-11-17,43.75,3052.219970703125,76.27629852294922
2020-11-18,44.34000015258789,3080.679931640625,76.20950317382812
2020-11-19,44.20000076293945,3046.489990234375,75.8843994140625
2020-11-20,44.959999084472656,3051.0400390625,76.16519927978516
2020-11-23,46.060001373291016,3047.06005859375,76.17890167236328
2020-11-24,47.86000061035156,3095.840087890625,75.96170043945312
2020-11-25,48.61000061035156,3134.52001953125,75.41790008544922
2020-11-26,,3138.6201171875,75.44599914550781
2020-11-27,48.18000030517578,3142.679931640625,75.64990234375
2020-11-30,47.59000015258789,3107.580078125,75.99150085449219
2020-12-01,47.61000061035156,3147.7900390625,76.40480041503906
2020-12-02,48.25,3189.610107421875,75.95850372314453
2020-12-03,48.709999084472656,3162.669921875,75.11070251464844
2020-12-04,49.25,3184.719970703125,74.48889923095703
2020-12-07,48.790000915527344,3195.080078125,73.8550033569336
2020-12-08,48.84000015258789,3179.610107421875,73.74610137939453
2020-12-09,48.86000061035156,3211.659912109375,73.34049987792969
2020-12-10,50.25,3258.31005859375,73.61129760742188
2020-12-11,49.970001220703125,3276.580078125,73.07820129394531
2020-12-14,50.290000915527344,3254.830078125,73.03199768066406
2020-12-15,50.7599983215332,3248.110107421875,74.12129974365234
2020-12-16,51.08000183105469,3269.949951171875,73.27850341796875
2020-12-17,51.5,3282.669921875,73.347900390625
2020-12-18,52.2599983215332,3273.75,73.09040069580078
2020-12-21,50.90999984741211,3186.3798828125,73.48100280761719
2020-12-22,50.08000183105469,3236.4599609375,74.55130004882812
2020-12-23,51.20000076293945,3252.10009765625,75.87809753417969
2020-12-24,51.290000915527344,3236.8798828125,75.02020263671875
2020-12-25,,,74.02999877929688
2020-12-28,50.86000061035156,3258.949951171875,73.95490264892578
2020-12-29,51.09000015258789,3274.669921875,73.93049621582031
2020-12-30,51.34000015258789,3289.02001953125,74.02140045166016
2020-12-31,,,74.52200317382812
2021-01-01,,,73.91120147705078
2021-01-04,51.09000015258789,3350.510009765625,74.12740325927734
2021-01-05,53.599998474121094,3359.14990234375,74.47540283203125
2021-01-06,54.29999923706055,3371.030029296875,74.13510131835938
2021-01-07,54.380001068115234,,74.09149932861328
2021-01-08,55.9900016784668,3454.820068359375,74.59510040283203
2021-01-11,55.65999984741211,3482.47998046875,74.4020004272461
2021-01-12,56.58000183105469,3471.64990234375,74.62809753417969
2021-01-13,56.060001373291016,3470.260009765625,73.44020080566406
2021-01-14,56.41999816894531,3490.85009765625,73.8488998413086
2021-01-15,55.099998474121094,3450.949951171875,73.32530212402344
2021-01-18,,3471.919921875,73.59860229492188
2021-01-19,55.900001525878906,3443.22998046875,73.92980194091797
2021-01-20,56.08000183105469,3466.800048828125,73.77100372314453
2021-01-21,56.099998474121094,3422.669921875,73.45339965820312
2021-01-22,55.40999984741211,3382.919921875,73.94770050048828
2021-01-25,55.880001068115234,3397.47998046875,75.31490325927734
2021-01-26,55.90999984741211,3390.760009765625,75.2822036743164
2021-01-27,55.810001373291016,3343.6201171875,75.07009887695312
2021-01-28,55.529998779296875,3342.010009765625,75.87339782714844
2021-01-29,55.880001068115234,3277.080078125,76.1666030883789
2021-02-01,55.880001068115234,3291.139892578125,75.88179779052734
2021-02-02,57.459999084472656,3360.25,76.11360168457031
2021-02-03,58.459999084472656,3343.4599609375,76.22049713134766
2021-02-04,58.84000015258789,3372.0,75.885498046875
2021-02-05,59.34000015258789,3392.72998046875,75.4906997680664
2021-02-08,60.560001373291016,3445.89990234375,74.60790252685547
2021-02-09,61.09000015258789,3426.860107421875,74.3228988647461
2021-02-10,61.470001220703125,3399.659912109375,73.87670135498047
2021-02-11,61.13999938964844,3414.320068359375,73.86650085449219
2021-02-12,62.43000030517578,3427.080078125,73.63899993896484
2021-02-15,,3481.89990234375,73.57319641113281
2021-02-16,63.349998474121094,3495.260009765625,73.33200073242188
2021-02-17,64.33999633789062,3436.800048828125,73.5416030883789
2021-02-18,63.93000030517578,3400.169921875,73.7156982421875
2021-02-19,62.90999984741211,3457.679931640625,73.83380126953125
2021-02-22,65.23999786376953,3433.929931640625,74.14360046386719
2021-02-23,65.37000274658203,,74.22450256347656
2021-02-24,67.04000091552734,3385.47998046875,74.07080078125
2021-02-25,66.87999725341797,3409.760009765625,73.49469757080078
2021-02-26,66.12999725341797,3346.639892578125,74.706298828125
2021-03-01,65.94999694824219,3386.159912109375,74.6709976196289
2021-03-02,62.70000076293945,3410.10009765625,74.25150299072266
2021-03-03,64.06999969482422,3416.0400390625,73.78880310058594
2021-03-04,66.73999786376953,3397.56005859375,74.01429748535156
2021-03-05,69.36000061035156,3414.1298828125,74.55500030517578
2021-03-08,68.23999786376953,,74.32720184326172
2021-03-09,67.5199966430664,3478.719970703125,74.47460174560547
2021-03-10,67.9000015258789,3463.06005859375,74.02950286865234
2021-03-11,69.62999725341797,3508.510009765625,73.5239028930664
2021-03-12,69.22000122070312,3539.5,73.30030059814453
2021-03-15,68.87999725341797,3584.489990234375,73.31849670410156
2021-03-16,68.38999938964844,3589.830078125,72.73500061035156
2021-03-17,68.0,3507.909912109375,72.86799621582031
2021-03-18,63.279998779296875,3504.85009765625,73.65480041503906
2021-03-19,64.52999877929688,3475.260009765625,74.32160186767578
2021-03-22,64.62000274658203,3489.070068359375,74.15370178222656
2021-03-23,60.790000915527344,3467.2099609375,74.7958984375
2021-03-24,64.41000366210938,3485.330078125,76.3313980102539
2021-03-25,61.95000076293945,3439.300048828125,76.61620330810547
2021-03-26,64.56999969482422,3489.830078125,76.11710357666016
2021-03-29,64.9800033569336,3529.330078125,75.66110229492188
2021-03-30,64.13999938964844,3525.22998046875,75.65460205078125
2021-03-31,63.540000915527344,3541.719970703125,75.90399932861328
2021-04-01,63.599998474121094,3527.5400390625,75.67489624023438
2021-04-02,,,76.26429748535156
2021-04-05,62.150001525878906,3524.929931640625,76.41519927978516
2021-04-06,62.7400016784668,3493.889892578125,76.43409729003906
2021-04-07,63.15999984741211,3500.340087890625,77.00050354003906
2021-04-08,63.20000076293945,3507.830078125,77.15809631347656
2021-04-09,62.95000076293945,3486.030029296875,76.79199981689453
2021-04-12,63.279998779296875,3522.64990234375,77.38700103759766
2021-04-13,63.66999816894531,3526.300048828125,77.29119873046875
2021-04-14,66.58000183105469,3576.889892578125,75.91850280761719
2021-04-15,66.94000244140625,3568.510009765625,76.01419830322266
2021-04-16,66.7699966430664,3598.43994140625,76.07849884033203
2021-04-19,67.05000305175781,3574.080078125,75.95500183105469
2021-04-20,66.56999969482422,3552.409912109375,76.27210235595703
2021-04-21,65.31999969482422,3561.719970703125,76.822998046875
2021-04-22,65.4000015258789,3600.35009765625,76.56900024414062
2021-04-23,66.11000061035156,3597.169921875,75.50550079345703
2021-04-26,65.6500015258789,3610.97998046875,74.908203125
2021-04-27,66.41999816894531,3600.60009765625,74.9751968383789
2021-04-28,67.2699966430664,3578.1201171875,74.7791976928711
2021-04-29,68.55999755859375,3571.050048828125,74.3635025024414
2021-04-30,67.25,3544.0,74.72930145263672
2021-05-03,67.29000091552734,,75.19750213623047
2021-05-04,,3577.2099609375,74.89430236816406
2021-05-05,68.95999908447266,3643.56005859375,74.7322998046875
2021-05-06,68.08999633789062,3658.27001953125,74.80370330810547
2021-05-07,68.27999877929688,3682.68994140625,74.1886978149414
2021-05-10,68.31999969482422,3694.780029296875,73.5707015991211
2021-05-11,68.55000305175781,3652.050048828125,74.27649688720703
2021-05-12,69.31999969482422,3654.139892578125,74.16739654541016
2021-05-13,67.05000305175781,3637.3798828125,74.60050201416016
2021-05-14,68.70999908447266,3637.60009765625,73.997802734375
2021-05-17,69.45999908447266,3639.610107421875,73.95770263671875
2021-05-18,68.70999908447266,3687.9599609375,73.78260040283203
2021-05-19,66.66000366210938,3634.760009765625,73.67140197753906
2021-05-20,65.11000061035156,3636.159912109375,73.73169708251953
2021-05-21,66.44000244140625,3660.47998046875,73.46900177001953
2021-05-24,68.45999908447266,3662.510009765625,73.61280059814453
2021-05-25,68.6500015258789,3686.760009765625,73.43890380859375
2021-05-26,68.87000274658203,3711.050048828125,73.47149658203125
2021-05-27,69.45999908447266,3738.679931640625,73.53900146484375
2021-05-28,69.62999725341797,3730.550048828125,73.44020080566406
2021-05-31,,3721.6298828125,73.1947021484375
2021-06-01,69.62999725341797,3764.590087890625,73.39839935302734
2021-06-02,71.3499984741211,3817.679931640625,73.5154037475586
2021-06-03,71.30999755859375,3805.449951171875,73.14510345458984
2021-06-04,71.88999938964844,3807.429931640625,73.2145004272461
2021-06-07,71.48999786376953,3822.2099609375,73.00160217285156
2021-06-08,72.22000122070312,3807.429931640625,72.7925033569336
2021-06-09,72.22000122070312,3843.280029296875,72.24310302734375
2021-06-10,72.5199966430664,3827.7099609375,72.302001953125
2021-06-11,72.69000244140625,3841.530029296875,71.74099731445312
2021-06-14,72.86000061035156,3860.179931640625,72.06330108642578
2021-06-15,73.98999786376953,3822.39990234375,72.02030181884766
2021-06-16,74.38999938964844,3829.669921875,72.20939636230469
2021-06-17,73.08000183105469,3819.070068359375,72.56539916992188
2021-06-18,73.51000213623047,3802.949951171875,72.38919830322266
2021-06-21,74.9000015258789,3813.449951171875,72.7979965209961
2021-06-22,74.80999755859375,3821.679931640625,73.08899688720703
2021-06-23,75.19000244140625,3837.14990234375,72.86199951171875
2021-06-24,75.55999755859375,3823.43994140625,72.63079833984375
2021-06-25,76.18000030517578,3831.840087890625,72.2969970703125
2021-06-28,74.68000030517578,3825.570068359375,72.20999908447266
2021-06-29,74.76000213623047,3790.85009765625,72.20439910888672
2021-06-30,75.12999725341797,3841.85009765625,72.72239685058594
2021-07-01,75.83999633789062,3858.320068359375,73.05449676513672
2021-07-02,76.16999816894531,3865.419921875,73.45690155029297
2021-07-05,,3882.590087890625,73.21489715576172
2021-07-06,74.52999877929688,3884.300048828125,73.39630126953125
2021-07-07,73.43000030517578,3895.10009765625,74.4988021850586
2021-07-08,74.12000274658203,3861.080078125,74.69920349121094
2021-07-09,75.55000305175781,3855.31005859375,74.71170043945312
2021-07-12,75.16000366210938,3875.610107421875,74.2531967163086
2021-07-13,76.48999786376953,3877.030029296875,74.36689758300781
2021-07-14,74.76000213623047,3832.85009765625,74.33460235595703
2021-07-15,73.47000122070312,3799.969970703125,74.12629699707031
2021-07-16,73.58999633789062,3770.14990234375,74.36869812011719
2021-07-19,68.62000274658203,3693.419921875,74.05899810791016
2021-07-20,69.3499984741211,3704.39990234375,74.6613998413086
2021-07-21,72.2300033569336,3722.9599609375,74.34729766845703
2021-07-22,73.79000091552734,3754.43994140625,73.94120025634766
2021-07-23,74.0999984741211,3734.5400390625,73.65509796142578
2021-07-26,74.5,3750.10009765625,73.677001953125
2021-07-27,74.4800033569336,3733.10009765625,73.68090057373047
2021-07-28,74.73999786376953,3782.280029296875,73.70909881591797
2021-07-29,76.05000305175781,3804.330078125,73.4386978149414
2021-07-30,76.33000183105469,3771.580078125,73.15299987792969
2021-08-02,72.88999938964844,3788.10009765625,73.08789825439453
2021-08-03,72.41000366210938,3793.68994140625,72.95809936523438
2021-08-04,70.37999725341797,3810.6201171875,72.939697265625
2021-08-05,71.29000091552734,3833.75,73.17859649658203
2021-08-06,70.69999694824219,3805.360107421875,73.12090301513672
2021-08-09,69.04000091552734,3835.110107421875,73.5031967163086
2021-08-10,70.62999725341797,3862.320068359375,73.62059783935547
2021-08-11,71.44000244140625,3877.3701171875,73.9219970703125
2021-08-12,71.30999755859375,3888.860107421875,73.40149688720703
2021-08-13,70.58999633789062,3873.0,73.53839874267578
2021-08-16,69.51000213623047,3895.31005859375,73.15010070800781
2021-08-17,69.02999877929688,3943.010009765625,73.28269958496094
2021-08-18,68.2300033569336,3925.169921875,73.595703125
2021-08-19,66.44999694824219,3853.97998046875,73.84349822998047
2021-08-20,65.18000030517578,3832.699951171875,74.27510070800781
2021-08-23,68.75,3883.010009765625,74.19509887695312
2021-08-24,71.05000305175781,3888.8701171875,74.08049774169922
2021-08-25,72.25,3886.639892578125,73.7614974975586
2021-08-26,71.06999969482422,3851.570068359375,73.7699966430664
2021-08-27,72.69999694824219,3887.3798828125,74.26750183105469
2021-08-30,73.41000366210938,3928.5,73.40119934082031
2021-08-31,72.98999786376953,3918.9599609375,73.41649627685547
2021-09-01,71.58999633789062,3971.02001953125,73.27259826660156
2021-09-02,73.02999877929688,3990.77001953125,72.9813003540039
2021-09-03,72.61000061035156,4001.699951171875,73.00890350341797
2021-09-06,,4028.25,72.77220153808594
2021-09-07,71.69000244140625,4010.159912109375,72.96820068359375
2021-09-08,72.5999984741211,4017.3701171875,73.36319732666016
2021-09-09,71.44999694824219,3993.56005859375,73.24569702148438
2021-09-10,72.91999816894531,4002.659912109375,72.86199951171875
2021-09-13,73.51000213623047,4041.159912109375,73.09609985351562
2021-09-14,73.5999984741211,4055.699951171875,72.64399719238281
2021-09-15,75.45999908447266,4065.530029296875,72.87960052490234
2021-09-16,75.66999816894531,4045.10009765625,72.2406005859375
2021-09-17,75.33999633789062,4035.169921875,72.47250366210938
2021-09-20,73.91999816894531,3969.610107421875,72.80850219726562
2021-09-21,74.36000061035156,3970.47998046875,73.36000061035156
2021-09-22,76.19000244140625,4030.97998046875,73.00150299072266
2021-09-23,77.25,4052.139892578125,72.91590118408203
2021-09-24,78.08999633789062,4038.22998046875,72.6729965209961
2021-09-27,79.52999877929688,4081.219970703125,72.6968994140625
2021-09-28,79.08999633789062,4065.4599609375,72.58460235595703
2021-09-29,78.63999938964844,4058.3701171875,72.83920288085938
2021-09-30,78.5199966430664,4103.52001953125,72.84590148925781
2021-10-01,79.27999877929688,4086.989990234375,72.71720123291016
2021-10-04,81.26000213623047,4112.72021484375,72.74500274658203
2021-10-05,82.55999755859375,4223.85009765625,72.47989654541016
2021-10-06,81.08000183105469,4171.7099609375,72.29090118408203
2021-10-07,81.94999694824219,4228.02001953125,72.39459991455078
2021-10-08,82.38999938964844,4238.0,71.78350067138672
2021-10-11,83.6500015258789,4279.8701171875,71.75330352783203
2021-10-12,83.41999816894531,4263.7998046875,71.83509826660156
2021-10-13,83.18000030517578,4243.919921875,71.84649658203125
2021-10-14,84.0,4259.1298828125,71.96900177001953
2021-10-15,84.86000061035156,4261.81982421875,71.36750030517578
2021-10-18,84.33000183105469,4248.330078125,71.03150177001953
2021-10-19,85.08000183105469,4276.259765625,71.18900299072266
2021-10-20,85.81999969482422,4287.52001953125,70.82859802246094
2021-10-21,84.61000061035156,4218.6298828125,70.81909942626953
2021-10-22,85.52999877929688,4196.9599609375,71.1166000366211
2021-10-25,85.98999786376953,4254.97998046875,70.35250091552734
2021-10-26,86.4000015258789,4235.8701171875,69.80590057373047
2021-10-27,84.58000183105469,4229.52978515625,69.45379638671875
2021-10-28,84.31999969482422,4189.66015625,70.58049774169922
2021-10-29,84.37999725341797,4150.0,70.14240264892578
2021-11-01,84.70999908447266,4221.490234375,70.82340240478516
2021-11-02,84.72000122070312,4207.52978515625,71.57990264892578
2021-11-03,81.98999786376953,4184.8701171875,71.60540008544922
2021-11-04,80.54000091552734,,71.69560241699219
2021-11-05,82.73999786376953,4174.759765625,71.40599822998047
2021-11-08,83.43000030517578,4218.27001953125,71.27320098876953
2021-11-09,84.77999877929688,4187.330078125,71.21980285644531
2021-11-10,82.63999938964844,4172.47021484375,70.70449829101562
2021-11-11,82.87000274658203,4189.35009765625,71.23860168457031
2021-11-12,82.16999816894531,4121.66015625,71.56400299072266
2021-11-15,82.05000305175781,4135.14013671875,72.85929870605469
2021-11-16,82.43000030517578,4120.02001953125,72.48280334472656
2021-11-17,80.27999877929688,4149.02001953125,73.09750366210938
2021-11-18,81.23999786376953,4093.85009765625,72.55870056152344
2021-11-19,78.88999938964844,4016.469970703125,73.06500244140625
2021-11-22,79.69999694824219,3872.77001953125,73.53299713134766
2021-11-23,82.30999755859375,3960.330078125,74.97039794921875
2021-11-24,82.25,3950.56005859375,74.27149963378906
2021-11-25,82.27999877929688,3947.820068359375,74.93299865722656
2021-11-26,72.72000122070312,3810.97998046875,74.5282974243164
2021-11-29,73.44000244140625,3879.5400390625,75.5199966430664
2021-11-30,70.56999969482422,3890.590087890625,74.43920135498047
2021-12-01,68.87000274658203,3959.2900390625,74.0790023803711
2021-12-02,69.66999816894531,3947.5400390625,74.24600219726562
2021-12-03,69.87999725341797,3913.06005859375,73.61949920654297
2021-12-06,73.08000183105469,3810.10009765625,73.8677978515625
2021-12-07,75.44000244140625,3873.199951171875,74.34819793701172
2021-12-08,75.81999969482422,3773.610107421875,73.99030303955078
2021-12-09,74.41999816894531,3813.2900390625,73.52349853515625
2021-12-10,75.1500015258789,3760.22998046875,73.61499786376953
2021-12-13,74.38999938964844,3618.31005859375,73.40869903564453
2021-12-14,73.69999694824219,3619.389892578125,73.4625015258789
2021-12-15,73.87999725341797,3621.820068359375,73.79340362548828
2021-12-16,75.0199966430664,3750.360107421875,73.60130310058594
2021-12-17,73.5199966430664,3723.27001953125,73.76020050048828
2021-12-20,71.5199966430664,3669.050048828125,74.0625991821289
2021-12-21,73.9800033569336,3693.02001953125,74.0634994506836
2021-12-22,75.29000091552734,3746.75,73.86959838867188
2021-12-23,76.8499984741211,3704.60009765625,73.61129760742188
2021-12-24,,3702.719970703125,73.29879760742188
2021-12-27,78.5999984741211,3740.6298828125,73.61000061035156
2021-12-28,78.94000244140625,3777.56005859375,73.35900115966797
2021-12-29,79.2300033569336,3741.070068359375,73.6675033569336
2021-12-30,79.31999969482422,3787.260009765625,73.9749984741211
2021-12-31,79.19999694824219,,74.53150177001953
